VTBD.03B.ENDU1B.UBLOD;true;;;;;;;;;VTBD.03B.ENDU1B.RW03B,None,,,,,,None,,,,,,,FALSE,BeginToEnd,,false;UBLOD,5000ft|11000ft,90kt|250kt,5000ft,ENDUU,3000ft|22000ft,90kt|kt,3000ft;false;;;;;;;LastLegLongestPath;Converted;false;TryVerticalFirst;;false
VTBD.03B.ENDU1B.RW03B;true;;;;;;;;;VTBD.03B.FINAL,None,,,,,,None,,,,,,,FALSE,BeginToEnd,,false;MOTIF,5000ft|11000ft,90kt|250kt,5000ft,PIANO,13000ft|10000ft,90kt|250kt,13000ft,BRENT,7000ft|8000ft,,7000ft,FERDO,7000ft|11000ft,90kt|220kt,7000ft,DM307,3000ft|11000ft,90kt|kt,3000ft;false;;;;;;;LastLegLongestPath;Converted;false;TryVerticalFirst;;false
VTBD.21B.ENDU3A.UBLOD;true;;;;;;;;;VTBD.21B.ENDU3A.RW21B,None,,,,,,None,,,,,,,FALSE,BeginToEnd,,false;UBLOD,5000ft|11000ft,90kt|250kt,5000ft,ENDUU,3000ft|16000ft,90kt|280kt,3000ft;false;;;;;;;LastLegLongestPath;Converted;false;TryVerticalFirst;;false
VTBD.21B.ENDU3A.RW21B;true;;;;;;;;;VTBD.21B.FINAL,None,,,,,,None,,,,,,,FALSE,BeginToEnd,,false;BD115,14000ft|11000ft,90kt|250kt,14000ft,OPERA,,90kt|250kt,,DUDAT,5000ft|9000ft,,5000ft,BD114,,90kt|220kt,,AROKA,3000ft|5000ft,90kt|kt,3000ft;false;;;;;;;LastLegLongestPath;Converted;false;TryVerticalFirst;;false
VTBD.03B.NAKO1B.ALBOS;true;;;;;;;;;VTBD.03B.NAKO1B.RW03B,None,,,,,,None,,,,,,,FALSE,BeginToEnd,,false;ALBOS,5000ft|11000ft,90kt|250kt,5000ft,NAKON,3000ft|16000ft,90kt|kt,3000ft;false;;;;;;;LastLegLongestPath;Converted;false;TryVerticalFirst;;false
VTBD.03B.NAKO1B.NOBER;true;;;;;;;;;VTBD.03B.NAKO1B.RW03B,None,,,,,,None,,,,,,,FALSE,BeginToEnd,,false;NOBER,5000ft|11000ft,90kt|250kt,5000ft,NAKON,3000ft|16000ft,90kt|kt,3000ft;false;;;;;;;LastLegLongestPath;Converted;false;TryVerticalFirst;;false
VTBD.03B.NAKO1B.SEMBO;true;;;;;;;;;VTBD.03B.NAKO1B.RW03B,None,,,,,,None,,,,,,,FALSE,BeginToEnd,,false;SEMBO,5000ft|11000ft,90kt|250kt,5000ft,NAKON,3000ft|16000ft,90kt|kt,3000ft;false;;;;;;;LastLegLongestPath;Converted;false;TryVerticalFirst;;false
VTBD.03B.NAKO1B.TL;true;;;;;;;;;VTBD.03B.NAKO1B.RW03B,None,,,,,,None,,,,,,,FALSE,BeginToEnd,,false;TL,5000ft|11000ft,90kt|250kt,5000ft,NAKON,3000ft|16000ft,90kt|kt,3000ft;false;;;;;;;LastLegLongestPath;Converted;false;TryVerticalFirst;;false
VTBD.03B.NAKO1B.RW03B;true;;;;;;;;;VTBD.03B.FINAL,None,,,,,,None,,,,,,,FALSE,BeginToEnd,,false;PIANO,13000ft|10000ft,90kt|250kt,13000ft,BRENT,7000ft|8000ft,,7000ft,FERDO,7000ft|11000ft,90kt|220kt,7000ft,DM307,3000ft|11000ft,90kt|kt,3000ft;false;;;;;;;LastLegLongestPath;Converted;false;TryVerticalFirst;;false
VTBD.21B.NAKO3A.ALBOS;true;;;;;;;;;VTBD.21B.NAKO3A.RW21B,None,,,,,,None,,,,,,,FALSE,BeginToEnd,,false;ALBOS,5000ft|11000ft,90kt|250kt,5000ft,NAKON,3000ft|13000ft,90kt|250kt,3000ft;false;;;;;;;LastLegLongestPath;Converted;false;TryVerticalFirst;;false
VTBD.21B.NAKO3A.NOBER;true;;;;;;;;;VTBD.21B.NAKO3A.RW21B,None,,,,,,None,,,,,,,FALSE,BeginToEnd,,false;NOBER,5000ft|11000ft,90kt|250kt,5000ft,NAKON,3000ft|13000ft,90kt|250kt,3000ft;false;;;;;;;LastLegLongestPath;Converted;false;TryVerticalFirst;;false
VTBD.21B.NAKO3A.SEMBO;true;;;;;;;;;VTBD.21B.NAKO3A.RW21B,None,,,,,,None,,,,,,,FALSE,BeginToEnd,,false;SEMBO,5000ft|11000ft,90kt|250kt,5000ft,NAKON,3000ft|13000ft,90kt|250kt,3000ft;false;;;;;;;LastLegLongestPath;Converted;false;TryVerticalFirst;;false
VTBD.21B.NAKO3A.TL;true;;;;;;;;;VTBD.21B.NAKO3A.RW21B,None,,,,,,None,,,,,,,FALSE,BeginToEnd,,false;TL,5000ft|11000ft,90kt|250kt,5000ft,NAKON,3000ft|13000ft,90kt|250kt,3000ft;false;;;;;;;LastLegLongestPath;Converted;false;TryVerticalFirst;;false
VTBD.21B.NAKO3A.RW21B;true;;;;;;;;;VTBD.21B.FINAL,None,,,,,,None,,,,,,,FALSE,BeginToEnd,,false;DOGVA,5000ft|9000ft,90kt|250kt,5000ft,BD114,,90kt|220kt,,AROKA,3000ft|5000ft,90kt|kt,3000ft;false;;;;;;;LastLegLongestPath;Converted;false;TryVerticalFirst;;false
VTBD.03B.SABA1B.BUT;true;;;;;;;;;VTBD.03B.SABA1B.RW03B,None,,,,,,None,,,,,,,FALSE,BeginToEnd,,false;BUT,5000ft|11000ft,90kt|250kt,5000ft,SABAI,13000ft|10000ft,90kt|250kt,13000ft;false;;;;;;;LastLegLongestPath;Converted;false;TryVerticalFirst;;false
VTBD.03B.SABA1B.GUTSO;true;;;;;;;;;VTBD.03B.SABA1B.RW03B,None,,,,,,None,,,,,,,FALSE,BeginToEnd,,false;GUTSO,5000ft|11000ft,90kt|250kt,5000ft,SABAI,13000ft|10000ft,90kt|250kt,13000ft;false;;;;;;;LastLegLongestPath;Converted;false;TryVerticalFirst;;false
VTBD.03B.SABA1B.HOTEL;true;;;;;;;;;VTBD.03B.SABA1B.RW03B,None,,,,,,None,,,,,,,FALSE,BeginToEnd,,false;HOTEL,5000ft|11000ft,90kt|250kt,5000ft,SABAI,13000ft|10000ft,90kt|250kt,13000ft;false;;;;;;;LastLegLongestPath;Converted;false;TryVerticalFirst;;false
VTBD.03B.SABA1B.SURMA;true;;;;;;;;;VTBD.03B.SABA1B.RW03B,None,,,,,,None,,,,,,,FALSE,BeginToEnd,,false;SURMA,5000ft|11000ft,90kt|250kt,5000ft,SABAI,13000ft|10000ft,90kt|250kt,13000ft;false;;;;;;;LastLegLongestPath;Converted;false;TryVerticalFirst;;false
VTBD.03B.SABA1B.RW03B;true;;;;;;;;;VTBD.03B.FINAL,None,,,,,,None,,,,,,,FALSE,BeginToEnd,,false;ARMUS,5000ft|11000ft,90kt|220kt,5000ft,DM305,3000ft|11000ft,90kt|kt,3000ft;false;;;;;;;LastLegLongestPath;Converted;false;TryVerticalFirst;;false
VTBD.21B.SABA3A.BUT;true;;;;;;;;;VTBD.21B.SABA3A.RW21B,None,,,,,,None,,,,,,,FALSE,BeginToEnd,,false;BUT,5000ft|11000ft,90kt|250kt,5000ft,SABAI,3000ft|11000ft,90kt|280kt,3000ft;false;;;;;;;LastLegLongestPath;Converted;false;TryVerticalFirst;;false
VTBD.21B.SABA3A.GUTSO;true;;;;;;;;;VTBD.21B.SABA3A.RW21B,None,,,,,,None,,,,,,,FALSE,BeginToEnd,,false;GUTSO,5000ft|11000ft,90kt|250kt,5000ft,SABAI,3000ft|11000ft,90kt|280kt,3000ft;false;;;;;;;LastLegLongestPath;Converted;false;TryVerticalFirst;;false
VTBD.21B.SABA3A.HOTEL;true;;;;;;;;;VTBD.21B.SABA3A.RW21B,None,,,,,,None,,,,,,,FALSE,BeginToEnd,,false;HOTEL,5000ft|11000ft,90kt|250kt,5000ft,SABAI,3000ft|11000ft,90kt|280kt,3000ft;false;;;;;;;LastLegLongestPath;Converted;false;TryVerticalFirst;;false
VTBD.21B.SABA3A.SURMA;true;;;;;;;;;VTBD.21B.SABA3A.RW21B,None,,,,,,None,,,,,,,FALSE,BeginToEnd,,false;SURMA,5000ft|11000ft,90kt|250kt,5000ft,SABAI,3000ft|11000ft,90kt|280kt,3000ft;false;;;;;;;LastLegLongestPath;Converted;false;TryVerticalFirst;;false
VTBD.21B.SABA3A.RW21B;true;;;;;;;;;VTBD.21B.FINAL,None,,,,,,None,,,,,,,FALSE,BeginToEnd,,false;BD118,22000ft|20000ft,90kt|250kt,22000ft,BD117,18000ft|11000ft,,18000ft,VASGO,,,,ESMAG,,,,BD116,,,,NODEG,5000ft|13000ft,90kt|250kt,5000ft,DUGIX,10000ft|9000ft,,10000ft,BD112,,90kt|220kt,,VARPI,5000ft|7000ft,,5000ft,AROKA,3000ft|5000ft,90kt|kt,3000ft;false;;;;;;;LastLegLongestPath;Converted;false;TryVerticalFirst;;false
VTBD.03B.SEHN1B.ALEMI;true;;;;;;;;;VTBD.03B.SEHN1B.RW03B,None,,,,,,None,,,,,,,FALSE,BeginToEnd,,false;ALEMI,5000ft|11000ft,90kt|250kt,5000ft,SEHNA,3000ft|22000ft,90kt|kt,3000ft;false;;;;;;;LastLegLongestPath;Converted;false;TryVerticalFirst;;false
VTBD.03B.SEHN1B.ANREN;true;;;;;;;;;VTBD.03B.SEHN1B.RW03B,None,,,,,,None,,,,,,,FALSE,BeginToEnd,,false;ANREN,5000ft|11000ft,90kt|250kt,5000ft,SEHNA,3000ft|22000ft,90kt|kt,3000ft;false;;;;;;;LastLegLongestPath;Converted;false;TryVerticalFirst;;false
VTBD.03B.SEHN1B.DULEM;true;;;;;;;;;VTBD.03B.SEHN1B.RW03B,None,,,,,,None,,,,,,,FALSE,BeginToEnd,,false;DULEM,5000ft|11000ft,90kt|250kt,5000ft,SEHNA,3000ft|22000ft,90kt|kt,3000ft;false;;;;;;;LastLegLongestPath;Converted;false;TryVerticalFirst;;false
VTBD.03B.SEHN1B.GOMES;true;;;;;;;;;VTBD.03B.SEHN1B.RW03B,None,,,,,,None,,,,,,,FALSE,BeginToEnd,,false;GOMES,5000ft|11000ft,90kt|250kt,5000ft,SEHNA,3000ft|22000ft,90kt|kt,3000ft;false;;;;;;;LastLegLongestPath;Converted;false;TryVerticalFirst;;false
VTBD.03B.SEHN1B.NUGPA;true;;;;;;;;;VTBD.03B.SEHN1B.RW03B,None,,,,,,None,,,,,,,FALSE,BeginToEnd,,false;NUGPA,5000ft|11000ft,90kt|250kt,5000ft,SEHNA,3000ft|22000ft,90kt|kt,3000ft;false;;;;;;;LastLegLongestPath;Converted;false;TryVerticalFirst;;false
VTBD.03B.SEHN1B.RYN;true;;;;;;;;;VTBD.03B.SEHN1B.RW03B,None,,,,,,None,,,,,,,FALSE,BeginToEnd,,false;RYN,5000ft|11000ft,90kt|250kt,5000ft,SEHNA,3000ft|22000ft,90kt|kt,3000ft;false;;;;;;;LastLegLongestPath;Converted;false;TryVerticalFirst;;false
VTBD.03B.SEHN1B.RW03B;true;;;;;;;;;VTBD.03B.FINAL,None,,,,,,None,,,,,,,FALSE,BeginToEnd,,false;BAMBU,15000ft|11000ft,90kt|250kt,15000ft,DM306,,,,ARMUS,,90kt|220kt,,DM305,3000ft|11000ft,90kt|kt,3000ft;false;;;;;;;LastLegLongestPath;Converted;false;TryVerticalFirst;;false
VTBD.21B.SEHN3A.ALEMI;true;;;;;;;;;VTBD.21B.SEHN3A.RW21B,None,,,,,,None,,,,,,,FALSE,BeginToEnd,,false;ALEMI,5000ft|11000ft,90kt|250kt,5000ft,SEHNA,3000ft|22000ft,90kt|280kt,3000ft;false;;;;;;;LastLegLongestPath;Converted;false;TryVerticalFirst;;false
VTBD.21B.SEHN3A.ANREN;true;;;;;;;;;VTBD.21B.SEHN3A.RW21B,None,,,,,,None,,,,,,,FALSE,BeginToEnd,,false;ANREN,5000ft|11000ft,90kt|250kt,5000ft,SEHNA,3000ft|22000ft,90kt|280kt,3000ft;false;;;;;;;LastLegLongestPath;Converted;false;TryVerticalFirst;;false
VTBD.21B.SEHN3A.DULEM;true;;;;;;;;;VTBD.21B.SEHN3A.RW21B,None,,,,,,None,,,,,,,FALSE,BeginToEnd,,false;DULEM,5000ft|11000ft,90kt|250kt,5000ft,SEHNA,3000ft|22000ft,90kt|280kt,3000ft;false;;;;;;;LastLegLongestPath;Converted;false;TryVerticalFirst;;false
VTBD.21B.SEHN3A.GOMES;true;;;;;;;;;VTBD.21B.SEHN3A.RW21B,None,,,,,,None,,,,,,,FALSE,BeginToEnd,,false;GOMES,5000ft|11000ft,90kt|250kt,5000ft,SEHNA,3000ft|22000ft,90kt|280kt,3000ft;false;;;;;;;LastLegLongestPath;Converted;false;TryVerticalFirst;;false
VTBD.21B.SEHN3A.NUGPA;true;;;;;;;;;VTBD.21B.SEHN3A.RW21B,None,,,,,,None,,,,,,,FALSE,BeginToEnd,,false;NUGPA,5000ft|11000ft,90kt|250kt,5000ft,SEHNA,3000ft|22000ft,90kt|280kt,3000ft;false;;;;;;;LastLegLongestPath;Converted;false;TryVerticalFirst;;false
VTBD.21B.SEHN3A.RYN;true;;;;;;;;;VTBD.21B.SEHN3A.RW21B,None,,,,,,None,,,,,,,FALSE,BeginToEnd,,false;RYN,5000ft|11000ft,90kt|250kt,5000ft,SEHNA,3000ft|22000ft,90kt|280kt,3000ft;false;;;;;;;LastLegLongestPath;Converted;false;TryVerticalFirst;;false
VTBD.21B.SEHN3A.RW21B;true;;;;;;;;;VTBD.21B.FINAL,None,,,,,,None,,,,,,,FALSE,BeginToEnd,,false;BD120,5000ft|11000ft,90kt|250kt,5000ft,BD119,22000ft|20000ft,,22000ft,VASGO,,,,ESMAG,,,,BD116,,,,NODEG,5000ft|13000ft,90kt|250kt,5000ft,DUGIX,10000ft|9000ft,,10000ft,BD112,,90kt|220kt,,VARPI,5000ft|7000ft,,5000ft,AROKA,3000ft|5000ft,90kt|kt,3000ft;false;;;;;;;LastLegLongestPath;Converted;false;TryVerticalFirst;;false
VTBD.03B.WEHA1B.BONVO;true;;;;;;;;;VTBD.03B.WEHA1B.RW03B,None,,,,,,None,,,,,,,FALSE,BeginToEnd,,false;BONVO,5000ft|11000ft,90kt|250kt,5000ft,WEHHA,3000ft|18000ft,90kt|kt,3000ft;false;;;;;;;LastLegLongestPath;Converted;false;TryVerticalFirst;;false
VTBD.03B.WEHA1B.IBETO;true;;;;;;;;;VTBD.03B.WEHA1B.RW03B,None,,,,,,None,,,,,,,FALSE,BeginToEnd,,false;IBETO,5000ft|11000ft,90kt|250kt,5000ft,WEHHA,3000ft|18000ft,90kt|kt,3000ft;false;;;;;;;LastLegLongestPath;Converted;false;TryVerticalFirst;;false
VTBD.03B.WEHA1B.IGONI;true;;;;;;;;;VTBD.03B.WEHA1B.RW03B,None,,,,,,None,,,,,,,FALSE,BeginToEnd,,false;IGONI,5000ft|11000ft,90kt|250kt,5000ft,WEHHA,3000ft|18000ft,90kt|kt,3000ft;false;;;;;;;LastLegLongestPath;Converted;false;TryVerticalFirst;;false
VTBD.03B.WEHA1B.PASTO;true;;;;;;;;;VTBD.03B.WEHA1B.RW03B,None,,,,,,None,,,,,,,FALSE,BeginToEnd,,false;PASTO,5000ft|11000ft,90kt|250kt,5000ft,WEHHA,3000ft|18000ft,90kt|kt,3000ft;false;;;;;;;LastLegLongestPath;Converted;false;TryVerticalFirst;;false
VTBD.03B.WEHA1B.TARED;true;;;;;;;;;VTBD.03B.WEHA1B.RW03B,None,,,,,,None,,,,,,,FALSE,BeginToEnd,,false;TARED,5000ft|11000ft,90kt|250kt,5000ft,WEHHA,3000ft|18000ft,90kt|kt,3000ft;false;;;;;;;LastLegLongestPath;Converted;false;TryVerticalFirst;;false
VTBD.03B.WEHA1B.RW03B;true;;;;;;;;;VTBD.03B.FINAL,None,,,,,,None,,,,,,,FALSE,BeginToEnd,,false;PESTO,5000ft|11000ft,90kt|250kt,5000ft,DM308,13000ft|10000ft,,13000ft,BRENT,7000ft|8000ft,,7000ft,FERDO,7000ft|11000ft,90kt|220kt,7000ft,DM307,3000ft|11000ft,90kt|kt,3000ft;false;;;;;;;LastLegLongestPath;Converted;false;TryVerticalFirst;;false
VTBD.21B.WEHA3A.BONVO;true;;;;;;;;;VTBD.21B.WEHA3A.RW21B,None,,,,,,None,,,,,,,FALSE,BeginToEnd,,false;BONVO,5000ft|11000ft,90kt|250kt,5000ft,WEHHA,3000ft|9000ft,90kt|250kt,3000ft;false;;;;;;;LastLegLongestPath;Converted;false;TryVerticalFirst;;false
VTBD.21B.WEHA3A.IBETO;true;;;;;;;;;VTBD.21B.WEHA3A.RW21B,None,,,,,,None,,,,,,,FALSE,BeginToEnd,,false;IBETO,5000ft|11000ft,90kt|250kt,5000ft,WEHHA,3000ft|9000ft,90kt|250kt,3000ft;false;;;;;;;LastLegLongestPath;Converted;false;TryVerticalFirst;;false
VTBD.21B.WEHA3A.IGONI;true;;;;;;;;;VTBD.21B.WEHA3A.RW21B,None,,,,,,None,,,,,,,FALSE,BeginToEnd,,false;IGONI,5000ft|11000ft,90kt|250kt,5000ft,WEHHA,3000ft|9000ft,90kt|250kt,3000ft;false;;;;;;;LastLegLongestPath;Converted;false;TryVerticalFirst;;false
VTBD.21B.WEHA3A.PASTO;true;;;;;;;;;VTBD.21B.WEHA3A.RW21B,None,,,,,,None,,,,,,,FALSE,BeginToEnd,,false;PASTO,5000ft|11000ft,90kt|250kt,5000ft,WEHHA,3000ft|9000ft,90kt|250kt,3000ft;false;;;;;;;LastLegLongestPath;Converted;false;TryVerticalFirst;;false
VTBD.21B.WEHA3A.TARED;true;;;;;;;;;VTBD.21B.WEHA3A.RW21B,None,,,,,,None,,,,,,,FALSE,BeginToEnd,,false;TARED,5000ft|11000ft,90kt|250kt,5000ft,WEHHA,3000ft|9000ft,90kt|250kt,3000ft;false;;;;;;;LastLegLongestPath;Converted;false;TryVerticalFirst;;false
VTBD.21B.WEHA3A.RW21B;true;;;;;;;;;VTBD.21B.FINAL,None,,,,,,None,,,,,,,FALSE,BeginToEnd,,false;NINER,5000ft|11000ft,90kt|250kt,5000ft,DOVAX,8000ft|7000ft,,8000ft,BD113,,90kt|220kt,,VARPI,5000ft|7000ft,,5000ft,AROKA,3000ft|5000ft,90kt|kt,3000ft;false;;;;;;;LastLegLongestPath;Converted;false;TryVerticalFirst;;false
VTBS.19B.DOLN3C.ALEMI;true;;;;;;;;;VTBS.19B.DOLN3C.RW19B,None,,,,,,None,,,,,,,FALSE,BeginToEnd,,false;ALEMI,5000ft|11000ft,90kt|250kt,5000ft,DOLNI,3000ft|18000ft,90kt|280kt,3000ft;false;;;;;;;LastLegLongestPath;Converted;false;TryVerticalFirst;;false
VTBS.19B.DOLN3C.ANREN;true;;;;;;;;;VTBS.19B.DOLN3C.RW19B,None,,,,,,None,,,,,,,FALSE,BeginToEnd,,false;ANREN,5000ft|11000ft,90kt|250kt,5000ft,DOLNI,3000ft|18000ft,90kt|280kt,3000ft;false;;;;;;;LastLegLongestPath;Converted;false;TryVerticalFirst;;false
VTBS.19B.DOLN3C.BUT;true;;;;;;;;;VTBS.19B.DOLN3C.RW19B,None,,,,,,None,,,,,,,FALSE,BeginToEnd,,false;BUT,5000ft|11000ft,90kt|250kt,5000ft,DOLNI,3000ft|18000ft,90kt|280kt,3000ft;false;;;;;;;LastLegLongestPath;Converted;false;TryVerticalFirst;;false
VTBS.19B.DOLN3C.DULEM;true;;;;;;;;;VTBS.19B.DOLN3C.RW19B,None,,,,,,None,,,,,,,FALSE,BeginToEnd,,false;DULEM,5000ft|11000ft,90kt|250kt,5000ft,DOLNI,3000ft|18000ft,90kt|280kt,3000ft;false;;;;;;;LastLegLongestPath;Converted;false;TryVerticalFirst;;false
VTBS.19B.DOLN3C.GOMES;true;;;;;;;;;VTBS.19B.DOLN3C.RW19B,None,,,,,,None,,,,,,,FALSE,BeginToEnd,,false;GOMES,5000ft|11000ft,90kt|250kt,5000ft,DOLNI,3000ft|18000ft,90kt|280kt,3000ft;false;;;;;;;LastLegLongestPath;Converted;false;TryVerticalFirst;;false
VTBS.19B.DOLN3C.NUGPA;true;;;;;;;;;VTBS.19B.DOLN3C.RW19B,None,,,,,,None,,,,,,,FALSE,BeginToEnd,,false;NUGPA,5000ft|11000ft,90kt|250kt,5000ft,DOLNI,3000ft|18000ft,90kt|280kt,3000ft;false;;;;;;;LastLegLongestPath;Converted;false;TryVerticalFirst;;false
VTBS.19B.DOLN3C.RYN;true;;;;;;;;;VTBS.19B.DOLN3C.RW19B,None,,,,,,None,,,,,,,FALSE,BeginToEnd,,false;RYN,5000ft|11000ft,90kt|250kt,5000ft,DOLNI,3000ft|18000ft,90kt|280kt,3000ft;false;;;;;;;LastLegLongestPath;Converted;false;TryVerticalFirst;;false
VTBS.19B.DOLN3C.RW19B;true;;;;;;;;;VTBS.19B.FINAL,None,,,,,,None,,,,,,,FALSE,BeginToEnd,,false;BEATS,10000ft|14000ft,90kt|250kt,10000ft,SALSA,10000ft|11000ft,90kt|250kt,10000ft,LATIN,7000ft|11000ft,,7000ft,BS503,,90kt|220kt,,BS501,,,,EKCHO,5000ft|11000ft,,5000ft,VTBS,3000ft|11000ft,90kt|kt,3000ft;false;;;;;;;LastLegLongestPath;Converted;false;TryVerticalFirst;;false
VTBS.01B.DOLN3D.ALEMI;true;;;;;;;;;VTBS.01B.DOLN3D.RW01B,None,,,,,,None,,,,,,,FALSE,BeginToEnd,,false;ALEMI,5000ft|11000ft,90kt|250kt,5000ft,DOLNI,3000ft|18000ft,90kt|280kt,3000ft;false;;;;;;;LastLegLongestPath;Converted;false;TryVerticalFirst;;false
VTBS.01B.DOLN3D.ANREN;true;;;;;;;;;VTBS.01B.DOLN3D.RW01B,None,,,,,,None,,,,,,,FALSE,BeginToEnd,,false;ANREN,5000ft|11000ft,90kt|250kt,5000ft,DOLNI,3000ft|18000ft,90kt|280kt,3000ft;false;;;;;;;LastLegLongestPath;Converted;false;TryVerticalFirst;;false
VTBS.01B.DOLN3D.BUT;true;;;;;;;;;VTBS.01B.DOLN3D.RW01B,None,,,,,,None,,,,,,,FALSE,BeginToEnd,,false;BUT,5000ft|11000ft,90kt|250kt,5000ft,DOLNI,3000ft|18000ft,90kt|280kt,3000ft;false;;;;;;;LastLegLongestPath;Converted;false;TryVerticalFirst;;false
VTBS.01B.DOLN3D.DULEM;true;;;;;;;;;VTBS.01B.DOLN3D.RW01B,None,,,,,,None,,,,,,,FALSE,BeginToEnd,,false;DULEM,5000ft|11000ft,90kt|250kt,5000ft,DOLNI,3000ft|18000ft,90kt|280kt,3000ft;false;;;;;;;LastLegLongestPath;Converted;false;TryVerticalFirst;;false
VTBS.01B.DOLN3D.GOMES;true;;;;;;;;;VTBS.01B.DOLN3D.RW01B,None,,,,,,None,,,,,,,FALSE,BeginToEnd,,false;GOMES,5000ft|11000ft,90kt|250kt,5000ft,DOLNI,3000ft|18000ft,90kt|280kt,3000ft;false;;;;;;;LastLegLongestPath;Converted;false;TryVerticalFirst;;false
VTBS.01B.DOLN3D.NUGPA;true;;;;;;;;;VTBS.01B.DOLN3D.RW01B,None,,,,,,None,,,,,,,FALSE,BeginToEnd,,false;NUGPA,5000ft|11000ft,90kt|250kt,5000ft,DOLNI,3000ft|18000ft,90kt|280kt,3000ft;false;;;;;;;LastLegLongestPath;Converted;false;TryVerticalFirst;;false
VTBS.01B.DOLN3D.RYN;true;;;;;;;;;VTBS.01B.DOLN3D.RW01B,None,,,,,,None,,,,,,,FALSE,BeginToEnd,,false;RYN,5000ft|11000ft,90kt|250kt,5000ft,DOLNI,3000ft|18000ft,90kt|280kt,3000ft;false;;;;;;;LastLegLongestPath;Converted;false;TryVerticalFirst;;false
VTBS.01B.DOLN3D.RW01B;true;;;;;;;;;VTBS.01B.FINAL,None,,,,,,None,,,,,,,FALSE,BeginToEnd,,false;BEATS,14000ft|13000ft,90kt|250kt,14000ft,BS405,,90kt|250kt,,BS403,,,,SANJO,,,,LATIN,9000ft|7000ft,90kt|220kt,9000ft,BS401,,,,SALSA,,,,ENKAA,3000ft|11000ft,,3000ft,VTBS,3000ft|11000ft,90kt|kt,3000ft;false;;;;;;;LastLegLongestPath;Converted;false;TryVerticalFirst;;false
VTBS.19B.EAST3C.RUKSA;true;;;;;;;;;VTBS.19B.EAST3C.RW19B,None,,,,,,None,,,,,,,FALSE,BeginToEnd,,false;RUKSA,5000ft|11000ft,90kt|250kt,5000ft,EASTE,3000ft|18000ft,90kt|280kt,3000ft;false;;;;;;;LastLegLongestPath;Converted;false;TryVerticalFirst;;false
VTBS.19B.EAST3C.UBLOD;true;;;;;;;;;VTBS.19B.EAST3C.RW19B,None,,,,,,None,,,,,,,FALSE,BeginToEnd,,false;UBLOD,5000ft|11000ft,90kt|250kt,5000ft,EASTE,3000ft|18000ft,90kt|280kt,3000ft;false;;;;;;;LastLegLongestPath;Converted;false;TryVerticalFirst;;false
VTBS.19B.EAST3C.RW19B;true;;;;;;;;;VTBS.19B.FINAL,None,,,,,,None,,,,,,,FALSE,BeginToEnd,,false;DUMIG,5000ft|11000ft,90kt|250kt,5000ft,SOVKI,14000ft|11000ft,90kt|250kt,14000ft,TERIB,,,,BS507,,,,BS505,,,,BS503,,90kt|220kt,,BS501,,,,EKCHO,5000ft|11000ft,,5000ft,VTBS,3000ft|11000ft,90kt|kt,3000ft;false;;;;;;;LastLegLongestPath;Converted;false;TryVerticalFirst;;false
VTBS.01B.EAST3D.RUKSA;true;;;;;;;;;VTBS.01B.EAST3D.RW01B,None,,,,,,None,,,,,,,FALSE,BeginToEnd,,false;RUKSA,5000ft|11000ft,90kt|250kt,5000ft,EASTE,3000ft|18000ft,90kt|280kt,3000ft;false;;;;;;;LastLegLongestPath;Converted;false;TryVerticalFirst;;false
VTBS.01B.EAST3D.UBLOD;true;;;;;;;;;VTBS.01B.EAST3D.RW01B,None,,,,,,None,,,,,,,FALSE,BeginToEnd,,false;UBLOD,5000ft|11000ft,90kt|250kt,5000ft,EASTE,3000ft|18000ft,90kt|280kt,3000ft;false;;;;;;;LastLegLongestPath;Converted;false;TryVerticalFirst;;false
VTBS.01B.EAST3D.RW01B;true;;;;;;;;;VTBS.01B.FINAL,None,,,,,,None,,,,,,,FALSE,BeginToEnd,,false;DABTA,5000ft|11000ft,90kt|250kt,5000ft,BS407,11000ft|11000ft,90kt|250kt,11000ft,LATIN,9000ft|7000ft,90kt|220kt,9000ft,BS401,,,,SALSA,,,,ENKAA,3000ft|11000ft,,3000ft,VTBS,3000ft|11000ft,90kt|kt,3000ft;false;;;;;;;LastLegLongestPath;Converted;false;TryVerticalFirst;;false
VTBS.19B.LEBI3C.GUTSO;true;;;;;;;;;VTBS.19B.LEBI3C.RW19B,None,,,,,,None,,,,,,,FALSE,BeginToEnd,,false;GUTSO,5000ft|11000ft,90kt|250kt,5000ft,LEBIM,3000ft|18000ft,90kt|280kt,3000ft;false;;;;;;;LastLegLongestPath;Converted;false;TryVerticalFirst;;false
VTBS.19B.LEBI3C.HOTEL;true;;;;;;;;;VTBS.19B.LEBI3C.RW19B,None,,,,,,None,,,,,,,FALSE,BeginToEnd,,false;HOTEL,5000ft|11000ft,90kt|250kt,5000ft,LEBIM,3000ft|18000ft,90kt|280kt,3000ft;false;;;;;;;LastLegLongestPath;Converted;false;TryVerticalFirst;;false
VTBS.19B.LEBI3C.SURMA;true;;;;;;;;;VTBS.19B.LEBI3C.RW19B,None,,,,,,None,,,,,,,FALSE,BeginToEnd,,false;SURMA,5000ft|11000ft,90kt|250kt,5000ft,LEBIM,3000ft|18000ft,90kt|280kt,3000ft;false;;;;;;;LastLegLongestPath;Converted;false;TryVerticalFirst;;false
VTBS.19B.LEBI3C.RW19B;true;;;;;;;;;VTBS.19B.FINAL,None,,,,,,None,,,,,,,FALSE,BeginToEnd,,false;DOTSU,5000ft|11000ft,90kt|250kt,5000ft,INNDY,10000ft|14000ft,,10000ft,SALSA,10000ft|11000ft,90kt|250kt,10000ft,LATIN,7000ft|11000ft,,7000ft,BS503,,90kt|220kt,,BS501,,,,EKCHO,5000ft|11000ft,,5000ft,VTBS,3000ft|11000ft,90kt|kt,3000ft;false;;;;;;;LastLegLongestPath;Converted;false;TryVerticalFirst;;false
VTBS.01B.LEBI3D.GUTSO;true;;;;;;;;;VTBS.01B.LEBI3D.RW01B,None,,,,,,None,,,,,,,FALSE,BeginToEnd,,false;GUTSO,5000ft|11000ft,90kt|250kt,5000ft,LEBIM,3000ft|18000ft,90kt|280kt,3000ft;false;;;;;;;LastLegLongestPath;Converted;false;TryVerticalFirst;;false
VTBS.01B.LEBI3D.HOTEL;true;;;;;;;;;VTBS.01B.LEBI3D.RW01B,None,,,,,,None,,,,,,,FALSE,BeginToEnd,,false;HOTEL,5000ft|11000ft,90kt|250kt,5000ft,LEBIM,3000ft|18000ft,90kt|280kt,3000ft;false;;;;;;;LastLegLongestPath;Converted;false;TryVerticalFirst;;false
VTBS.01B.LEBI3D.SURMA;true;;;;;;;;;VTBS.01B.LEBI3D.RW01B,None,,,,,,None,,,,,,,FALSE,BeginToEnd,,false;SURMA,5000ft|11000ft,90kt|250kt,5000ft,LEBIM,3000ft|18000ft,90kt|280kt,3000ft;false;;;;;;;LastLegLongestPath;Converted;false;TryVerticalFirst;;false
VTBS.01B.LEBI3D.RW01B;true;;;;;;;;;VTBS.01B.FINAL,None,,,,,,None,,,,,,,FALSE,BeginToEnd,,false;FUNKY,5000ft|14000ft,90kt|250kt,5000ft,BS405,,90kt|250kt,,BS403,,,,SANJO,,,,LATIN,9000ft|7000ft,90kt|220kt,9000ft,BS401,,,,SALSA,,,,ENKAA,3000ft|11000ft,,3000ft,VTBS,3000ft|11000ft,90kt|kt,3000ft;false;;;;;;;LastLegLongestPath;Converted;false;TryVerticalFirst;;false
VTBS.19B.NORT3C.ALBOS;true;;;;;;;;;VTBS.19B.NORT3C.RW19B,None,,,,,,None,,,,,,,FALSE,BeginToEnd,,false;ALBOS,5000ft|11000ft,90kt|250kt,5000ft,NORTA,3000ft|18000ft,90kt|280kt,3000ft;false;;;;;;;LastLegLongestPath;Converted;false;TryVerticalFirst;;false
VTBS.19B.NORT3C.NOBER;true;;;;;;;;;VTBS.19B.NORT3C.RW19B,None,,,,,,None,,,,,,,FALSE,BeginToEnd,,false;NOBER,5000ft|11000ft,90kt|250kt,5000ft,NORTA,3000ft|18000ft,90kt|280kt,3000ft;false;;;;;;;LastLegLongestPath;Converted;false;TryVerticalFirst;;false
VTBS.19B.NORT3C.SEMBO;true;;;;;;;;;VTBS.19B.NORT3C.RW19B,None,,,,,,None,,,,,,,FALSE,BeginToEnd,,false;SEMBO,5000ft|11000ft,90kt|250kt,5000ft,NORTA,3000ft|18000ft,90kt|280kt,3000ft;false;;;;;;;LastLegLongestPath;Converted;false;TryVerticalFirst;;false
VTBS.19B.NORT3C.TL;true;;;;;;;;;VTBS.19B.NORT3C.RW19B,None,,,,,,None,,,,,,,FALSE,BeginToEnd,,false;TL,5000ft|11000ft,90kt|250kt,5000ft,NORTA,3000ft|18000ft,90kt|280kt,3000ft;false;;;;;;;LastLegLongestPath;Converted;false;TryVerticalFirst;;false
VTBS.19B.NORT3C.RW19B;true;;;;;;;;;VTBS.19B.FINAL,None,,,,,,None,,,,,,,FALSE,BeginToEnd,,false;BS512,16000ft|11000ft,90kt|250kt,16000ft,IRTIS,,90kt|250kt,,BS508,11000ft|11000ft,,11000ft,BS506,,,,BS504,9000ft|11000ft,90kt|220kt,9000ft,BS502,,,,WALTZ,6000ft|11000ft,,6000ft,VTBS,3000ft|11000ft,90kt|kt,3000ft;false;;;;;;;LastLegLongestPath;Converted;false;TryVerticalFirst;;false
VTBS.01B.NORT3D.ALBOS;true;;;;;;;;;VTBS.01B.NORT3D.RW01B,None,,,,,,None,,,,,,,FALSE,BeginToEnd,,false;ALBOS,5000ft|11000ft,90kt|250kt,5000ft,NORTA,3000ft|22000ft,90kt|280kt,3000ft;false;;;;;;;LastLegLongestPath;Converted;false;TryVerticalFirst;;false
VTBS.01B.NORT3D.NOBER;true;;;;;;;;;VTBS.01B.NORT3D.RW01B,None,,,,,,None,,,,,,,FALSE,BeginToEnd,,false;NOBER,5000ft|11000ft,90kt|250kt,5000ft,NORTA,3000ft|22000ft,90kt|280kt,3000ft;false;;;;;;;LastLegLongestPath;Converted;false;TryVerticalFirst;;false
VTBS.01B.NORT3D.SEMBO;true;;;;;;;;;VTBS.01B.NORT3D.RW01B,None,,,,,,None,,,,,,,FALSE,BeginToEnd,,false;SEMBO,5000ft|11000ft,90kt|250kt,5000ft,NORTA,3000ft|22000ft,90kt|280kt,3000ft;false;;;;;;;LastLegLongestPath;Converted;false;TryVerticalFirst;;false
VTBS.01B.NORT3D.TL;true;;;;;;;;;VTBS.01B.NORT3D.RW01B,None,,,,,,None,,,,,,,FALSE,BeginToEnd,,false;TL,5000ft|11000ft,90kt|250kt,5000ft,NORTA,3000ft|22000ft,90kt|280kt,3000ft;false;;;;;;;LastLegLongestPath;Converted;false;TryVerticalFirst;;false
VTBS.01B.NORT3D.RW01B;true;;;;;;;;;VTBS.01B.FINAL,None,,,,,,None,,,,,,,FALSE,BeginToEnd,,false;IRTIS,5000ft|11000ft,90kt|250kt,5000ft,BS408,16000ft|11000ft,,16000ft,BS406,,90kt|250kt,,BS404,11000ft|11000ft,,11000ft,BS402,9000ft|7000ft,90kt|220kt,9000ft,TAPPA,,,,WOCAL,4000ft|11000ft,,4000ft,VTBS,3000ft|11000ft,90kt|kt,3000ft;false;;;;;;;LastLegLongestPath;Converted;false;TryVerticalFirst;;false
VTBS.19B.WILA3C.BONVO;true;;;;;;;;;VTBS.19B.WILA3C.RW19B,None,,,,,,None,,,,,,,FALSE,BeginToEnd,,false;BONVO,5000ft|11000ft,90kt|250kt,5000ft,WILLA,3000ft|18000ft,90kt|280kt,3000ft;false;;;;;;;LastLegLongestPath;Converted;false;TryVerticalFirst;;false
VTBS.19B.WILA3C.IBETO;true;;;;;;;;;VTBS.19B.WILA3C.RW19B,None,,,,,,None,,,,,,,FALSE,BeginToEnd,,false;IBETO,5000ft|11000ft,90kt|250kt,5000ft,WILLA,3000ft|18000ft,90kt|280kt,3000ft;false;;;;;;;LastLegLongestPath;Converted;false;TryVerticalFirst;;false
VTBS.19B.WILA3C.IGONI;true;;;;;;;;;VTBS.19B.WILA3C.RW19B,None,,,,,,None,,,,,,,FALSE,BeginToEnd,,false;IGONI,5000ft|11000ft,90kt|250kt,5000ft,WILLA,3000ft|18000ft,90kt|280kt,3000ft;false;;;;;;;LastLegLongestPath;Converted;false;TryVerticalFirst;;false
VTBS.19B.WILA3C.PASTO;true;;;;;;;;;VTBS.19B.WILA3C.RW19B,None,,,,,,None,,,,,,,FALSE,BeginToEnd,,false;PASTO,5000ft|11000ft,90kt|250kt,5000ft,WILLA,3000ft|18000ft,90kt|280kt,3000ft;false;;;;;;;LastLegLongestPath;Converted;false;TryVerticalFirst;;false
VTBS.19B.WILA3C.TARED;true;;;;;;;;;VTBS.19B.WILA3C.RW19B,None,,,,,,None,,,,,,,FALSE,BeginToEnd,,false;TARED,5000ft|11000ft,90kt|250kt,5000ft,WILLA,3000ft|18000ft,90kt|280kt,3000ft;false;;;;;;;LastLegLongestPath;Converted;false;TryVerticalFirst;;false
VTBS.19B.WILA3C.RW19B;true;;;;;;;;;VTBS.19B.FINAL,None,,,,,,None,,,,,,,FALSE,BeginToEnd,,false;BAROK,5000ft|11000ft,90kt|250kt,5000ft,BS510,15000ft|14000ft,,15000ft,INVEK,,90kt|250kt,,BS508,11000ft|11000ft,,11000ft,BS506,,,,BS504,9000ft|11000ft,90kt|220kt,9000ft,BS502,,,,WALTZ,6000ft|11000ft,,6000ft,VTBS,3000ft|11000ft,90kt|kt,3000ft;false;;;;;;;LastLegLongestPath;Converted;false;TryVerticalFirst;;false
VTBS.01B.WILA3D.BONVO;true;;;;;;;;;VTBS.01B.WILA3D.RW01B,None,,,,,,None,,,,,,,FALSE,BeginToEnd,,false;BONVO,5000ft|11000ft,90kt|250kt,5000ft,WILLA,3000ft|22000ft,90kt|280kt,3000ft;false;;;;;;;LastLegLongestPath;Converted;false;TryVerticalFirst;;false
VTBS.01B.WILA3D.IBETO;true;;;;;;;;;VTBS.01B.WILA3D.RW01B,None,,,,,,None,,,,,,,FALSE,BeginToEnd,,false;IBETO,5000ft|11000ft,90kt|250kt,5000ft,WILLA,3000ft|22000ft,90kt|280kt,3000ft;false;;;;;;;LastLegLongestPath;Converted;false;TryVerticalFirst;;false
VTBS.01B.WILA3D.IGONI;true;;;;;;;;;VTBS.01B.WILA3D.RW01B,None,,,,,,None,,,,,,,FALSE,BeginToEnd,,false;IGONI,5000ft|11000ft,90kt|250kt,5000ft,WILLA,3000ft|22000ft,90kt|280kt,3000ft;false;;;;;;;LastLegLongestPath;Converted;false;TryVerticalFirst;;false
VTBS.01B.WILA3D.PASTO;true;;;;;;;;;VTBS.01B.WILA3D.RW01B,None,,,,,,None,,,,,,,FALSE,BeginToEnd,,false;PASTO,5000ft|11000ft,90kt|250kt,5000ft,WILLA,3000ft|22000ft,90kt|280kt,3000ft;false;;;;;;;LastLegLongestPath;Converted;false;TryVerticalFirst;;false
VTBS.01B.WILA3D.TARED;true;;;;;;;;;VTBS.01B.WILA3D.RW01B,None,,,,,,None,,,,,,,FALSE,BeginToEnd,,false;TARED,5000ft|11000ft,90kt|250kt,5000ft,WILLA,3000ft|22000ft,90kt|280kt,3000ft;false;;;;;;;LastLegLongestPath;Converted;false;TryVerticalFirst;;false
VTBS.01B.WILA3D.RW01B;true;;;;;;;;;VTBS.01B.FINAL,None,,,,,,None,,,,,,,FALSE,BeginToEnd,,false;NIMEG,5000ft|11000ft,90kt|250kt,5000ft,ISDEX,,,,BS408,16000ft|11000ft,,16000ft,BS406,,90kt|250kt,,BS404,11000ft|11000ft,,11000ft,BS402,9000ft|7000ft,90kt|220kt,9000ft,TAPPA,,,,WOCAL,4000ft|11000ft,,4000ft,VTBS,3000ft|11000ft,90kt|kt,3000ft;false;;;;;;;LastLegLongestPath;Converted;false;TryVerticalFirst;;false
VTCC.36.ADLU2A.RW36;true;;;;;;;;;VTCC.36.FINAL,None,,,,,,None,,,,,,,FALSE,BeginToEnd,,false;CC113,5000ft|11000ft,90kt|250kt,5000ft,ATNUT,5000ft|10000ft,90kt|230kt,5000ft,TASIV,,90kt|220kt,,CC115,,,,CC116,,,,CC117,,,,PUKAT,3000ft|8000ft,90kt|kt,3000ft;false;;;;;;;LastLegLongestPath;Converted;false;TryVerticalFirst;;false
VTCC.18.ADLU2B.RW18;true;;;;;;;;;VTCC.18.FINAL,None,,,,,,None,,,,,,,FALSE,BeginToEnd,,false;CC511,11000ft|11000ft,90kt|250kt,11000ft,CC513,11000ft|11000ft,,11000ft,EMSOG,,90kt|220kt,,TUNTU,5000ft|9000ft,,5000ft,SUSEG,8400ft|9000ft,,8400ft,MESUX,8400ft|11000ft,90kt|kt,8400ft;false;;;;;;;LastLegLongestPath;Converted;false;TryVerticalFirst;;false
VTCC.36.ASAV2A.RW36;true;;;;;;;;;VTCC.36.FINAL,None,,,,,,None,,,,,,,FALSE,BeginToEnd,,false;CC114,11000ft|11000ft,90kt|250kt,11000ft,ATNUT,5000ft|10000ft,90kt|230kt,5000ft,TASIV,,90kt|220kt,,CC115,,,,CC116,,,,CC117,,,,PUKAT,3000ft|8000ft,90kt|kt,3000ft;false;;;;;;;LastLegLongestPath;Converted;false;TryVerticalFirst;;false
VTCC.18.ASAV2B.RW18;true;;;;;;;;;VTCC.18.FINAL,None,,,,,,None,,,,,,,FALSE,BeginToEnd,,false;CC502,17000ft|11000ft,90kt|250kt,17000ft,RAXOM,15000ft|11000ft,,15000ft,CC515,13000ft|11000ft,,13000ft,EMSOG,,90kt|220kt,,TUNTU,5000ft|9000ft,,5000ft,SUSEG,8400ft|9000ft,,8400ft,MESUX,8400ft|11000ft,90kt|kt,8400ft;false;;;;;;;LastLegLongestPath;Converted;false;TryVerticalFirst;;false
VTCC.36.CMA2A.RW36;true;;;;;;;;;VTCC.36.FINAL,None,,,,,,None,,,,,,,FALSE,BeginToEnd,,false;CC111,5000ft|11000ft,90kt|250kt,5000ft,CC112,13000ft|11000ft,,13000ft,CC113,5000ft|11000ft,,5000ft,ATNUT,5000ft|10000ft,90kt|230kt,5000ft,TASIV,,90kt|220kt,,CC115,,,,CC116,,,,CC117,,,,PUKAT,3000ft|8000ft,90kt|kt,3000ft;false;;;;;;;LastLegLongestPath;Converted;false;TryVerticalFirst;;false
VTCC.18.CMA2B.RW18;true;;;;;;;;;VTCC.18.FINAL,None,,,,,,None,,,,,,,FALSE,BeginToEnd,,false;CC514,13000ft|11000ft,90kt|250kt,13000ft,CC515,13000ft|11000ft,,13000ft,EMSOG,,90kt|220kt,,TUNTU,5000ft|9000ft,,5000ft,SUSEG,8400ft|9000ft,,8400ft,MESUX,8400ft|11000ft,90kt|kt,8400ft;false;;;;;;;LastLegLongestPath;Converted;false;TryVerticalFirst;;false
VTCC.36.ENBA2A.RW36;true;;;;;;;;;VTCC.36.FINAL,None,,,,,,None,,,,,,,FALSE,BeginToEnd,,false;UPDOS,13000ft|11000ft,90kt|220kt,13000ft,CC101,,,,CC102,,,,CC103,,,,PUKAT,3000ft|8000ft,90kt|kt,3000ft;false;;;;;;;LastLegLongestPath;Converted;false;TryVerticalFirst;;false
VTCC.18.ENBA2B.RW18;true;;;;;;;;;VTCC.18.FINAL,None,,,,,,None,,,,,,,FALSE,BeginToEnd,,false;CC504,17000ft|11000ft,90kt|250kt,17000ft,RAXOM,15000ft|11000ft,,15000ft,CC515,13000ft|11000ft,,13000ft,EMSOG,,90kt|220kt,,TUNTU,5000ft|9000ft,,5000ft,SUSEG,8400ft|9000ft,,8400ft,MESUX,8400ft|11000ft,90kt|kt,8400ft;false;;;;;;;LastLegLongestPath;Converted;false;TryVerticalFirst;;false
VTCC.36.GOGO2A.RW36;true;;;;;;;;;VTCC.36.FINAL,None,,,,,,None,,,,,,,FALSE,BeginToEnd,,false;UPDOS,13000ft|11000ft,90kt|220kt,13000ft,CC101,,,,CC102,,,,CC103,,,,PUKAT,3000ft|8000ft,90kt|kt,3000ft;false;;;;;;;LastLegLongestPath;Converted;false;TryVerticalFirst;;false
VTCC.18.GOGO2B.RW18;true;;;;;;;;;VTCC.18.FINAL,None,,,,,,None,,,,,,,FALSE,BeginToEnd,,false;CC506,17000ft|11000ft,90kt|250kt,17000ft,RAXOM,15000ft|11000ft,,15000ft,CC515,13000ft|11000ft,,13000ft,EMSOG,,90kt|220kt,,TUNTU,5000ft|9000ft,,5000ft,SUSEG,8400ft|9000ft,,8400ft,MESUX,8400ft|11000ft,90kt|kt,8400ft;false;;;;;;;LastLegLongestPath;Converted;false;TryVerticalFirst;;false
VTCC.36.KABM2A.RW36;true;;;;;;;;;VTCC.36.FINAL,None,,,,,,None,,,,,,,FALSE,BeginToEnd,,false;CC114,11000ft|11000ft,90kt|250kt,11000ft,ATNUT,5000ft|10000ft,90kt|230kt,5000ft,TASIV,,90kt|220kt,,CC115,,,,CC116,,,,CC117,,,,PUKAT,3000ft|8000ft,90kt|kt,3000ft;false;;;;;;;LastLegLongestPath;Converted;false;TryVerticalFirst;;false
VTCC.18.KABM2B.RW18;true;;;;;;;;;VTCC.18.FINAL,None,,,,,,None,,,,,,,FALSE,BeginToEnd,,false;CC501,17000ft|11000ft,90kt|250kt,17000ft,RAXOM,15000ft|11000ft,,15000ft,CC515,13000ft|11000ft,,13000ft,EMSOG,,90kt|220kt,,TUNTU,5000ft|9000ft,,5000ft,SUSEG,8400ft|9000ft,,8400ft,MESUX,8400ft|11000ft,90kt|kt,8400ft;false;;;;;;;LastLegLongestPath;Converted;false;TryVerticalFirst;;false
VTCC.36.LAMU2A.RW36;true;;;;;;;;;VTCC.36.FINAL,None,,,,,,None,,,,,,,FALSE,BeginToEnd,,false;CC632,13000ft|11000ft,90kt|250kt,13000ft,ANSAB,13000ft|11000ft,,13000ft,ENRIS,8000ft|11000ft,90kt|220kt,8000ft;false;;;;;;;LastLegLongestPath;Converted;false;TryVerticalFirst;;false
VTCC.36.MARN2A.RW36;true;;;;;;;;;VTCC.36.FINAL,None,,,,,,None,,,,,,,FALSE,BeginToEnd,,false;UPDOS,13000ft|11000ft,90kt|220kt,13000ft,CC101,,,,CC102,,,,CC103,,,,PUKAT,3000ft|8000ft,90kt|kt,3000ft;false;;;;;;;LastLegLongestPath;Converted;false;TryVerticalFirst;;false
VTCC.18.MARN2B.RW18;true;;;;;;;;;VTCC.18.FINAL,None,,,,,,None,,,,,,,FALSE,BeginToEnd,,false;CC505,17000ft|11000ft,90kt|250kt,17000ft,RAXOM,15000ft|11000ft,,15000ft,CC515,13000ft|11000ft,,13000ft,EMSOG,,90kt|220kt,,TUNTU,5000ft|9000ft,,5000ft,SUSEG,8400ft|9000ft,,8400ft,MESUX,8400ft|11000ft,90kt|kt,8400ft;false;;;;;;;LastLegLongestPath;Converted;false;TryVerticalFirst;;false
VTCC.36.MONL2A.RW36;true;;;;;;;;;VTCC.36.FINAL,None,,,,,,None,,,,,,,FALSE,BeginToEnd,,false;ATNUT,5000ft|10000ft,90kt|230kt,5000ft,TASIV,,90kt|220kt,,CC115,,,,CC116,,,,CC117,,,,PUKAT,3000ft|8000ft,90kt|kt,3000ft;false;;;;;;;LastLegLongestPath;Converted;false;TryVerticalFirst;;false
VTCC.18.MONL2B.RW18;true;;;;;;;;;VTCC.18.FINAL,None,,,,,,None,,,,,,,FALSE,BeginToEnd,,false;CC512,14000ft|11000ft,90kt|250kt,14000ft,CC513,11000ft|11000ft,,11000ft,EMSOG,,90kt|220kt,,TUNTU,5000ft|9000ft,,5000ft,SUSEG,8400ft|9000ft,,8400ft,MESUX,8400ft|11000ft,90kt|kt,8400ft;false;;;;;;;LastLegLongestPath;Converted;false;TryVerticalFirst;;false
VTCC.36.PANT2A.RW36;true;;;;;;;;;VTCC.36.FINAL,None,,,,,,None,,,,,,,FALSE,BeginToEnd,,false;CC101,5000ft|11000ft,90kt|250kt,5000ft,CC102,,,,CC103,,,,PUKAT,3000ft|8000ft,90kt|kt,3000ft;false;;;;;;;LastLegLongestPath;Converted;false;TryVerticalFirst;;false
VTCC.18.PANT2B.RW18;true;;;;;;;;;VTCC.18.FINAL,None,,,,,,None,,,,,,,FALSE,BeginToEnd,,false;CC503,17000ft|11000ft,90kt|250kt,17000ft,RAXOM,15000ft|11000ft,,15000ft,CC515,13000ft|11000ft,,13000ft,EMSOG,,90kt|220kt,,TUNTU,5000ft|9000ft,,5000ft,SUSEG,8400ft|9000ft,,8400ft,MESUX,8400ft|11000ft,90kt|kt,8400ft;false;;;;;;;LastLegLongestPath;Converted;false;TryVerticalFirst;;false
VTCC.36.PUMA2A.RW36;true;;;;;;;;;VTCC.36.FINAL,None,,,,,,None,,,,,,,FALSE,BeginToEnd,,false;UPDOS,13000ft|11000ft,90kt|220kt,13000ft,CC101,,,,CC102,,,,CC103,,,,PUKAT,3000ft|8000ft,90kt|kt,3000ft;false;;;;;;;LastLegLongestPath;Converted;false;TryVerticalFirst;;false
VTCC.18.PUMA2B.RW18;true;;;;;;;;;VTCC.18.FINAL,None,,,,,,None,,,,,,,FALSE,BeginToEnd,,false;CC507,17000ft|11000ft,90kt|250kt,17000ft,RAXOM,15000ft|11000ft,,15000ft,CC515,13000ft|11000ft,,13000ft,EMSOG,,90kt|220kt,,TUNTU,5000ft|9000ft,,5000ft,SUSEG,8400ft|9000ft,,8400ft,MESUX,8400ft|11000ft,90kt|kt,8400ft;false;;;;;;;LastLegLongestPath;Converted;false;TryVerticalFirst;;false
VTCC.36.VISE2A.RW36;true;;;;;;;;;VTCC.36.FINAL,None,,,,,,None,,,,,,,FALSE,BeginToEnd,,false;CC632,13000ft|11000ft,90kt|250kt,13000ft,ANSAB,13000ft|11000ft,,13000ft,ENRIS,8000ft|11000ft,90kt|220kt,8000ft;false;;;;;;;LastLegLongestPath;Converted;false;TryVerticalFirst;;false
VTPM.27.VEGR1W.RW27;true;;;;;;;;;VTPM.27.FINAL,None,,,,,,None,,,,,,,FALSE,BeginToEnd,,false;LARAK,5000ft|11000ft,90kt|250kt,5000ft,ENRAD,5300ft|11000ft,90kt|kt,5300ft;false;;;;;;;LastLegLongestPath;Converted;false;TryVerticalFirst;;false
VTSB.04.ADLA1B.RW04;true;;;;;;;;;VTSB.04.FINAL,None,,,,,,None,,,,,,,FALSE,BeginToEnd,,false;SB410,8000ft|11000ft,90kt|250kt,8000ft,VELRA,3000ft|5000ft,90kt|230kt,3000ft;false;;;;;;;LastLegLongestPath;Converted;false;TryVerticalFirst;;false
VTSB.22.EMVE1A.RW22;true;;;;;;;;;VTSB.22.FINAL,None,,,,,,None,,,,,,,FALSE,BeginToEnd,,false;SB205,11000ft|11000ft,90kt|250kt,11000ft,IBIGA,5000ft|7000ft,,5000ft,ELNON,3000ft|5000ft,90kt|230kt,3000ft;false;;;;;;;LastLegLongestPath;Converted;false;TryVerticalFirst;;false
VTSB.04.EMVE1B.RW04;true;;;;;;;;;VTSB.04.FINAL,None,,,,,,None,,,,,,,FALSE,BeginToEnd,,false;SB412,9000ft|11000ft,90kt|250kt,9000ft,VELRA,3000ft|5000ft,90kt|230kt,3000ft;false;;;;;;;LastLegLongestPath;Converted;false;TryVerticalFirst;;false
VTSB.22.IDNA1A.RW22;true;;;;;;;;;VTSB.22.FINAL,None,,,,,,None,,,,,,,FALSE,BeginToEnd,,false;SB205,11000ft|11000ft,90kt|250kt,11000ft,IBIGA,5000ft|7000ft,,5000ft,ELNON,3000ft|5000ft,90kt|230kt,3000ft;false;;;;;;;LastLegLongestPath;Converted;false;TryVerticalFirst;;false
VTSB.04.IDNA1B.RW04;true;;;;;;;;;VTSB.04.FINAL,None,,,,,,None,,,,,,,FALSE,BeginToEnd,,false;SB413,9000ft|11000ft,90kt|250kt,9000ft,VELRA,3000ft|5000ft,90kt|230kt,3000ft;false;;;;;;;LastLegLongestPath;Converted;false;TryVerticalFirst;;false
VTSB.04.IKER1B.RW04;true;;;;;;;;;VTSB.04.FINAL,None,,,,,,None,,,,,,,FALSE,BeginToEnd,,false;SB409,8000ft|11000ft,90kt|250kt,8000ft,SB408,5100ft|7000ft,,5100ft,VARSA,5100ft|11000ft,90kt|230kt,5100ft;false;;;;;;;LastLegLongestPath;Converted;false;TryVerticalFirst;;false
VTSB.22.LAMU1A.RW22;true;;;;;;;;;VTSB.22.FINAL,None,,,,,,None,,,,,,,FALSE,BeginToEnd,,false;SB206,11000ft|11000ft,90kt|250kt,11000ft,SB205,11000ft|11000ft,,11000ft,IBIGA,5000ft|7000ft,,5000ft,ELNON,3000ft|5000ft,90kt|230kt,3000ft;false;;;;;;;LastLegLongestPath;Converted;false;TryVerticalFirst;;false
VTSB.22.SEGR1A.RW22;true;;;;;;;;;VTSB.22.FINAL,None,,,,,,None,,,,,,,FALSE,BeginToEnd,,false;SB204,10000ft|11000ft,90kt|250kt,10000ft,IBIGA,5000ft|7000ft,,5000ft,ELNON,3000ft|5000ft,90kt|230kt,3000ft;false;;;;;;;LastLegLongestPath;Converted;false;TryVerticalFirst;;false
VTSB.04.SEGR1B.RW04;true;;;;;;;;;VTSB.04.FINAL,None,,,,,,None,,,,,,,FALSE,BeginToEnd,,false;SB411,9000ft|11000ft,90kt|250kt,9000ft,VELRA,3000ft|5000ft,90kt|230kt,3000ft;false;;;;;;;LastLegLongestPath;Converted;false;TryVerticalFirst;;false
VTSB.22.TAVA1A.RW22;true;;;;;;;;;VTSB.22.FINAL,None,,,,,,None,,,,,,,FALSE,BeginToEnd,,false;SB206,11000ft|11000ft,90kt|250kt,11000ft,SB205,11000ft|11000ft,,11000ft,IBIGA,5000ft|7000ft,,5000ft,ELNON,3000ft|5000ft,90kt|230kt,3000ft;false;;;;;;;LastLegLongestPath;Converted;false;TryVerticalFirst;;false
VTSB.22.TOGI1A.RW22;true;;;;;;;;;VTSB.22.FINAL,None,,,,,,None,,,,,,,FALSE,BeginToEnd,,false;SB203,6000ft|11000ft,90kt|250kt,6000ft,BEVLA,3000ft|5000ft,90kt|230kt,3000ft;false;;;;;;;LastLegLongestPath;Converted;false;TryVerticalFirst;;false
VTSB.04.TOGI1B.RW04;true;;;;;;;;;VTSB.04.FINAL,None,,,,,,None,,,,,,,FALSE,BeginToEnd,,false;SB409,8000ft|11000ft,90kt|250kt,8000ft,SB408,5100ft|7000ft,,5100ft,VARSA,5100ft|11000ft,90kt|230kt,5100ft;false;;;;;;;LastLegLongestPath;Converted;false;TryVerticalFirst;;false
VTSG.32.EMRI1E.RW32;true;;;;;;;;;VTSG.32.FINAL,None,,,,,,None,,,,,,,FALSE,BeginToEnd,,false;SG009,5000ft|7000ft,90kt|250kt,5000ft,PANOM,5000ft|11000ft,,5000ft,ROSIC,3100ft|11000ft,90kt|230kt,3100ft,BENJA,3100ft|11000ft,90kt|230kt,3100ft;false;;;;;;;LastLegLongestPath;Converted;false;TryVerticalFirst;;false
VTSG.32.NULM1E.RW32;true;;;;;;;;;VTSG.32.FINAL,None,,,,,,None,,,,,,,FALSE,BeginToEnd,,false;AKVOK,9000ft|11000ft,90kt|250kt,9000ft,BELMI,5000ft|11000ft,90kt|230kt,5000ft;false;;;;;;;LastLegLongestPath;Converted;false;TryVerticalFirst;;false
VTSP.27.ANPU1D.RW27;true;;;;;;;;;VTSP.27.FINAL,None,,,,,,None,,,,,,,FALSE,BeginToEnd,,false;SP202,7000ft|11000ft,90kt|250kt,7000ft,SP201,7000ft|11000ft,,7000ft,RIZZO,5000ft|11000ft,90kt|230kt,5000ft,BARON,3000ft|11000ft,90kt|200kt,3000ft;false;;;;;;;LastLegLongestPath;Converted;false;TryVerticalFirst;;false
VTSP.09.EMRI1C.RW09;true;;;;;;;;;VTSP.09.FINAL,None,,,,,,None,,,,,,,FALSE,BeginToEnd,,false;SP803,13000ft|11000ft,90kt|250kt,13000ft,JUVEY,,,,RAWAI,4000ft|11000ft,90kt|230kt,4000ft;false;;;;;;;LastLegLongestPath;Converted;false;TryVerticalFirst;;false
VTSP.27.EMRI1D.RW27;true;;;;;;;;;VTSP.27.FINAL,None,,,,,,None,,,,,,,FALSE,BeginToEnd,,false;SP112,5000ft|11000ft,90kt|220kt,5000ft,BARON,3000ft|11000ft,90kt|200kt,3000ft;false;;;;;;;LastLegLongestPath;Converted;false;TryVerticalFirst;;false
VTSP.09.EPGO1C.RW09;true;;;;;;;;;VTSP.09.FINAL,None,,,,,,None,,,,,,,FALSE,BeginToEnd,,false;SP803,13000ft|11000ft,90kt|250kt,13000ft,JUVEY,,,,RAWAI,4000ft|11000ft,90kt|230kt,4000ft;false;;;;;;;LastLegLongestPath;Converted;false;TryVerticalFirst;;false
VTSP.27.EPGO1D.RW27;true;;;;;;;;;VTSP.27.FINAL,None,,,,,,None,,,,,,,FALSE,BeginToEnd,,false;SP112,5000ft|11000ft,90kt|220kt,5000ft,BARON,3000ft|11000ft,90kt|200kt,3000ft;false;;;;;;;LastLegLongestPath;Converted;false;TryVerticalFirst;;false
VTSP.09.IGEV1C.RW09;true;;;;;;;;;VTSP.09.FINAL,None,,,,,,None,,,,,,,FALSE,BeginToEnd,,false;TARPU,4000ft|7000ft,90kt|230kt,4000ft,SP702,4000ft|11000ft,90kt|230kt,4000ft;false;;;;;;;LastLegLongestPath;Converted;false;TryVerticalFirst;;false
VTSP.27.IGEV1D.RW27;true;;;;;;;;;VTSP.27.FINAL,None,,,,,,None,,,,,,,FALSE,BeginToEnd,,false;STONE,5000ft|8000ft,90kt|230kt,5000ft,CIDER,5000ft|11000ft,90kt|230kt,5000ft,BARON,3000ft|11000ft,90kt|200kt,3000ft;false;;;;;;;LastLegLongestPath;Converted;false;TryVerticalFirst;;false
VTSP.09.MONB1C.RW09;true;;;;;;;;;VTSP.09.FINAL,None,,,,,,None,,,,,,,FALSE,BeginToEnd,,false;MILAN,5000ft|11000ft,90kt|250kt,5000ft,SP702,4000ft|11000ft,90kt|230kt,4000ft;false;;;;;;;LastLegLongestPath;Converted;false;TryVerticalFirst;;false
VTSP.27.MONB1D.RW27;true;;;;;;;;;VTSP.27.FINAL,None,,,,,,None,,,,,,,FALSE,BeginToEnd,,false;STONE,5000ft|8000ft,90kt|230kt,5000ft,CIDER,5000ft|11000ft,90kt|230kt,5000ft,BARON,3000ft|11000ft,90kt|200kt,3000ft;false;;;;;;;LastLegLongestPath;Converted;false;TryVerticalFirst;;false
VTSP.09.ONET1C.RW09;true;;;;;;;;;VTSP.09.FINAL,None,,,,,,None,,,,,,,FALSE,BeginToEnd,,false;SP703,13000ft|11000ft,90kt|250kt,13000ft,MILAN,,,,SP702,4000ft|11000ft,90kt|230kt,4000ft;false;;;;;;;LastLegLongestPath;Converted;false;TryVerticalFirst;;false
VTSP.27.ONET1D.RW27;true;;;;;;;;;VTSP.27.FINAL,None,,,,,,None,,,,,,,FALSE,BeginToEnd,,false;SP112,5000ft|11000ft,90kt|220kt,5000ft,BARON,3000ft|11000ft,90kt|200kt,3000ft;false;;;;;;;LastLegLongestPath;Converted;false;TryVerticalFirst;;false
VTSP.09.SATV1C.RW09;true;;;;;;;;;VTSP.09.FINAL,None,,,,,,None,,,,,,,FALSE,BeginToEnd,,false;TARPU,4000ft|7000ft,90kt|230kt,4000ft,SP702,4000ft|11000ft,90kt|230kt,4000ft;false;;;;;;;LastLegLongestPath;Converted;false;TryVerticalFirst;;false
VTSP.27.SATV1D.RW27;true;;;;;;;;;VTSP.27.FINAL,None,,,,,,None,,,,,,,FALSE,BeginToEnd,,false;SP103,7000ft|11000ft,90kt|250kt,7000ft,SP102,7000ft|11000ft,,7000ft,SP101,7000ft|11000ft,,7000ft,CIDER,5000ft|11000ft,90kt|230kt,5000ft,BARON,3000ft|11000ft,90kt|200kt,3000ft;false;;;;;;;LastLegLongestPath;Converted;false;TryVerticalFirst;;false
VTSP.09.SAVS1C.RW09;true;;;;;;;;;VTSP.09.FINAL,None,,,,,,None,,,,,,,FALSE,BeginToEnd,,false;MILAN,5000ft|11000ft,90kt|250kt,5000ft,SP702,4000ft|11000ft,90kt|230kt,4000ft;false;;;;;;;LastLegLongestPath;Converted;false;TryVerticalFirst;;false
VTSP.27.SAVS1D.RW27;true;;;;;;;;;VTSP.27.FINAL,None,,,,,,None,,,,,,,FALSE,BeginToEnd,,false;STONE,5000ft|8000ft,90kt|230kt,5000ft,CIDER,5000ft|11000ft,90kt|230kt,5000ft,BARON,3000ft|11000ft,90kt|200kt,3000ft;false;;;;;;;LastLegLongestPath;Converted;false;TryVerticalFirst;;false
VTSP.09.SUSI1C.RW09;true;;;;;;;;;VTSP.09.FINAL,None,,,,,,None,,,,,,,FALSE,BeginToEnd,,false;TARPU,4000ft|7000ft,90kt|230kt,4000ft,SP702,4000ft|11000ft,90kt|230kt,4000ft;false;;;;;;;LastLegLongestPath;Converted;false;TryVerticalFirst;;false
VTSP.27.SUSI1D.RW27;true;;;;;;;;;VTSP.27.FINAL,None,,,,,,None,,,,,,,FALSE,BeginToEnd,,false;STONE,5000ft|8000ft,90kt|230kt,5000ft,CIDER,5000ft|11000ft,90kt|230kt,5000ft,BARON,3000ft|11000ft,90kt|200kt,3000ft;false;;;;;;;LastLegLongestPath;Converted;false;TryVerticalFirst;;false
VTSP.27.UBNE1D.RW27;true;;;;;;;;;VTSP.27.FINAL,None,,,,,,None,,,,,,,FALSE,BeginToEnd,,false;SP102,7000ft|11000ft,90kt|250kt,7000ft,SP101,7000ft|11000ft,,7000ft,CIDER,5000ft|11000ft,90kt|230kt,5000ft,BARON,3000ft|11000ft,90kt|200kt,3000ft;false;;;;;;;LastLegLongestPath;Converted;false;TryVerticalFirst;;false
VTSP.09.UPSA1C.RW09;true;;;;;;;;;VTSP.09.FINAL,None,,,,,,None,,,,,,,FALSE,BeginToEnd,,false;TARPU,4000ft|7000ft,90kt|230kt,4000ft,SP702,4000ft|11000ft,90kt|230kt,4000ft;false;;;;;;;LastLegLongestPath;Converted;false;TryVerticalFirst;;false
VTSP.27.UPSA1D.RW27;true;;;;;;;;;VTSP.27.FINAL,None,,,,,,None,,,,,,,FALSE,BeginToEnd,,false;SP103,7000ft|11000ft,90kt|250kt,7000ft,SP102,7000ft|11000ft,,7000ft,SP101,7000ft|11000ft,,7000ft,CIDER,5000ft|11000ft,90kt|230kt,5000ft,BARON,3000ft|11000ft,90kt|200kt,3000ft;false;;;;;;;LastLegLongestPath;Converted;false;TryVerticalFirst;;false
VTSP.09.URGA1C.RW09;true;;;;;;;;;VTSP.09.FINAL,None,,,,,,None,,,,,,,FALSE,BeginToEnd,,false;SP801,5000ft|11000ft,90kt|250kt,5000ft,JUVEY,,,,RAWAI,4000ft|11000ft,90kt|230kt,4000ft;false;;;;;;;LastLegLongestPath;Converted;false;TryVerticalFirst;;false
VTSP.27.URGA1D.RW27;true;;;;;;;;;VTSP.27.FINAL,None,,,,,,None,,,,,,,FALSE,BeginToEnd,,false;PACUS,5000ft|8000ft,90kt|230kt,5000ft,RIZZO,5000ft|11000ft,90kt|230kt,5000ft,BARON,3000ft|11000ft,90kt|200kt,3000ft;false;;;;;;;LastLegLongestPath;Converted;false;TryVerticalFirst;;false
VTSS.26.ELRE1A.RW26;true;;;;;;;;;VTSS.26.FINAL,None,,,,,,None,,,,,,,FALSE,BeginToEnd,,false;SS211,10000ft|11000ft,90kt|250kt,10000ft,KIBAB,10000ft|11000ft,,10000ft,SS218,10000ft|11000ft,,10000ft,LETMO,8000ft|11000ft,,8000ft,KASLA,5000ft|11000ft,90kt|230kt,5000ft;false;;;;;;;LastLegLongestPath;Converted;false;TryVerticalFirst;;false
VTSS.08.ELRE1B.RW08;true;;;;;;;;;VTSS.08.FINAL,None,,,,,,None,,,,,,,FALSE,BeginToEnd,,false;ISDIV,10000ft|11000ft,90kt|250kt,10000ft,ALDUG,8000ft|11000ft,90kt|230kt,8000ft,VEGTI,5500ft|11000ft,90kt|210kt,5500ft;false;;;;;;;LastLegLongestPath;Converted;false;TryVerticalFirst;;false
VTSS.26.ENVO1A.RW26;true;;;;;;;;;VTSS.26.FINAL,None,,,,,,None,,,,,,,FALSE,BeginToEnd,,false;SS212,10000ft|11000ft,90kt|250kt,10000ft,KIBAB,10000ft|11000ft,,10000ft,SS218,10000ft|11000ft,,10000ft,LETMO,8000ft|11000ft,,8000ft,KASLA,5000ft|11000ft,90kt|230kt,5000ft;false;;;;;;;LastLegLongestPath;Converted;false;TryVerticalFirst;;false
VTSS.08.ENVO1B.RW08;true;;;;;;;;;VTSS.08.FINAL,None,,,,,,None,,,,,,,FALSE,BeginToEnd,,false;ISDIV,10000ft|11000ft,90kt|250kt,10000ft,ALDUG,8000ft|11000ft,90kt|230kt,8000ft,VEGTI,5500ft|11000ft,90kt|210kt,5500ft;false;;;;;;;LastLegLongestPath;Converted;false;TryVerticalFirst;;false
VTSS.08.KENE1B.RW08;true;;;;;;;;;VTSS.08.FINAL,None,,,,,,None,,,,,,,FALSE,BeginToEnd,,false;POVAK,9000ft|11000ft,90kt|250kt,9000ft,SS808,9000ft|11000ft,,9000ft,DUDIB,8000ft|11000ft,90kt|230kt,8000ft,IGMUG,5500ft|11000ft,90kt|210kt,5500ft;false;;;;;;;LastLegLongestPath;Converted;false;TryVerticalFirst;;false
VTSS.08.NOBI1B.RW08;true;;;;;;;;;VTSS.08.FINAL,None,,,,,,None,,,,,,,FALSE,BeginToEnd,,false;POVAK,9000ft|11000ft,90kt|250kt,9000ft,SS808,9000ft|11000ft,,9000ft,DUDIB,8000ft|11000ft,90kt|230kt,8000ft,IGMUG,5500ft|11000ft,90kt|210kt,5500ft;false;;;;;;;LastLegLongestPath;Converted;false;TryVerticalFirst;;false
VTSS.26.OBLE1A.RW26;true;;;;;;;;;VTSS.26.FINAL,None,,,,,,None,,,,,,,FALSE,BeginToEnd,,false;LETMO,8000ft|11000ft,90kt|250kt,8000ft,KASLA,5000ft|11000ft,90kt|230kt,5000ft;false;;;;;;;LastLegLongestPath;Converted;false;TryVerticalFirst;;false
VTSS.08.OBLE1B.RW08;true;;;;;;;;;VTSS.08.FINAL,None,,,,,,None,,,,,,,FALSE,BeginToEnd,,false;ESLUG,10000ft|11000ft,90kt|250kt,10000ft,SS809,10000ft|11000ft,,10000ft,ALDUG,8000ft|11000ft,90kt|230kt,8000ft,VEGTI,5500ft|11000ft,90kt|210kt,5500ft;false;;;;;;;LastLegLongestPath;Converted;false;TryVerticalFirst;;false
VTSS.26.PADP1A.RW26;true;;;;;;;;;VTSS.26.FINAL,None,,,,,,None,,,,,,,FALSE,BeginToEnd,,false;ISDIV,10000ft|11000ft,90kt|250kt,10000ft,KIBAB,10000ft|11000ft,,10000ft,SS218,10000ft|11000ft,,10000ft,LETMO,8000ft|11000ft,,8000ft,KASLA,5000ft|11000ft,90kt|230kt,5000ft;false;;;;;;;LastLegLongestPath;Converted;false;TryVerticalFirst;;false
VTSS.08.PADP1B.RW08;true;;;;;;;;;VTSS.08.FINAL,None,,,,,,None,,,,,,,FALSE,BeginToEnd,,false;SS807,10000ft|11000ft,90kt|250kt,10000ft,ALDUG,8000ft|11000ft,90kt|230kt,8000ft,VEGTI,5500ft|11000ft,90kt|210kt,5500ft;false;;;;;;;LastLegLongestPath;Converted;false;TryVerticalFirst;;false
VTSS.26.PIME1A.RW26;true;;;;;;;;;VTSS.26.FINAL,None,,,,,,None,,,,,,,FALSE,BeginToEnd,,false;SS219,10000ft|11000ft,90kt|250kt,10000ft,LETMO,8000ft|11000ft,,8000ft,KASLA,5000ft|11000ft,90kt|230kt,5000ft;false;;;;;;;LastLegLongestPath;Converted;false;TryVerticalFirst;;false
VTSS.08.PIME1B.RW08;true;;;;;;;;;VTSS.08.FINAL,None,,,,,,None,,,,,,,FALSE,BeginToEnd,,false;ESLUG,10000ft|11000ft,90kt|250kt,10000ft,SS809,10000ft|11000ft,,10000ft,ALDUG,8000ft|11000ft,90kt|230kt,8000ft,VEGTI,5500ft|11000ft,90kt|210kt,5500ft;false;;;;;;;LastLegLongestPath;Converted;false;TryVerticalFirst;;false
VTSS.26.TAMO1A.RW26;true;;;;;;;;;VTSS.26.FINAL,None,,,,,,None,,,,,,,FALSE,BeginToEnd,,false;SS221,10000ft|11000ft,90kt|250kt,10000ft,DUDIB,10000ft|11000ft,,10000ft,SS220,9000ft|11000ft,,9000ft,SAKRA,5000ft|7000ft,,5000ft,PIMUV,5000ft|11000ft,90kt|230kt,5000ft;false;;;;;;;LastLegLongestPath;Converted;false;TryVerticalFirst;;false
VTSS.08.TAMO1B.RW08;true;;;;;;;;;VTSS.08.FINAL,None,,,,,,None,,,,,,,FALSE,BeginToEnd,,false;SS221,10000ft|11000ft,90kt|250kt,10000ft,DUDIB,8000ft|11000ft,90kt|230kt,8000ft,IGMUG,5500ft|11000ft,90kt|210kt,5500ft;false;;;;;;;LastLegLongestPath;Converted;false;TryVerticalFirst;;false
VTSS.08.TAXE1B.RW08;true;;;;;;;;;VTSS.08.FINAL,None,,,,,,None,,,,,,,FALSE,BeginToEnd,,false;POVAK,9000ft|11000ft,90kt|250kt,9000ft,SS808,9000ft|11000ft,,9000ft,DUDIB,8000ft|11000ft,90kt|230kt,8000ft,IGMUG,5500ft|11000ft,90kt|210kt,5500ft;false;;;;;;;LastLegLongestPath;Converted;false;TryVerticalFirst;;false
VTUD.12.ANPU1A.RW12;true;;;;;;;;;VTUD.12.FINAL,None,,,,,,None,,,,,,,FALSE,BeginToEnd,,false;NUPDU,11000ft|11000ft,90kt|250kt,11000ft,BEGOL,10000ft|11000ft,,10000ft,RIRMI,3000ft|5000ft,90kt|230kt,3000ft;false;;;;;;;LastLegLongestPath;Converted;false;TryVerticalFirst;;false
VTUD.30.ANPU1C.RW30;true;;;;;;;;;VTUD.30.FINAL,None,,,,,,None,,,,,,,FALSE,BeginToEnd,,false;EMTER,5000ft|11000ft,90kt|250kt,5000ft,OTLOR,3000ft|5000ft,90kt|230kt,3000ft;false;;;;;;;LastLegLongestPath;Converted;false;TryVerticalFirst;;false
VTUD.30.ELNE1C.RW30;true;;;;;;;;;VTUD.30.FINAL,None,,,,,,None,,,,,,,FALSE,BeginToEnd,,false;PAMVO,11000ft|11000ft,90kt|250kt,11000ft,SAPUR,5000ft|7000ft,,5000ft,ALDES,3000ft|5000ft,90kt|230kt,3000ft;false;;;;;;;LastLegLongestPath;Converted;false;TryVerticalFirst;;false
VTUD.30.ESGI1C.RW30;true;;;;;;;;;VTUD.30.FINAL,None,,,,,,None,,,,,,,FALSE,BeginToEnd,,false;UD307,11000ft|11000ft,90kt|250kt,11000ft,MOSDI,10000ft|11000ft,,10000ft,OTLOR,3000ft|5000ft,90kt|230kt,3000ft;false;;;;;;;LastLegLongestPath;Converted;false;TryVerticalFirst;;false
VTUD.12.GULN1A.RW12;true;;;;;;;;;VTUD.12.FINAL,None,,,,,,None,,,,,,,FALSE,BeginToEnd,,false;UD125,11000ft|11000ft,90kt|250kt,11000ft,DOXUR,10000ft|11000ft,,10000ft,RUGBU,3000ft|5000ft,90kt|230kt,3000ft;false;;;;;;;LastLegLongestPath;Converted;false;TryVerticalFirst;;false
VTUD.12.MUGN1A.RW12;true;;;;;;;;;VTUD.12.FINAL,None,,,,,,None,,,,,,,FALSE,BeginToEnd,,false;OLPES,5000ft|10000ft,90kt|250kt,5000ft,ELNET,5000ft|9000ft,,5000ft,LEBOG,3000ft|5000ft,90kt|230kt,3000ft;false;;;;;;;LastLegLongestPath;Converted;false;TryVerticalFirst;;false
VTUD.30.MUGN1C.RW30;true;;;;;;;;;VTUD.30.FINAL,None,,,,,,None,,,,,,,FALSE,BeginToEnd,,false;SAPUR,5000ft|7000ft,90kt|250kt,5000ft,ALDES,3000ft|5000ft,90kt|230kt,3000ft;false;;;;;;;LastLegLongestPath;Converted;false;TryVerticalFirst;;false
VTUD.12.POVE1A.RW12;true;;;;;;;;;VTUD.12.FINAL,None,,,,,,None,,,,,,,FALSE,BeginToEnd,,false;UD126,11000ft|11000ft,90kt|250kt,11000ft,BEGOL,10000ft|11000ft,,10000ft,RIRMI,3000ft|5000ft,90kt|230kt,3000ft;false;;;;;;;LastLegLongestPath;Converted;false;TryVerticalFirst;;false
VTUD.12.SURG1A.RW12;true;;;;;;;;;VTUD.12.FINAL,None,,,,,,None,,,,,,,FALSE,BeginToEnd,,false;MOPSA,5000ft|8000ft,90kt|250kt,5000ft,RIRMI,3000ft|5000ft,90kt|230kt,3000ft;false;;;;;;;LastLegLongestPath;Converted;false;TryVerticalFirst;;false
VTUD.30.SURG1C.RW30;true;;;;;;;;;VTUD.30.FINAL,None,,,,,,None,,,,,,,FALSE,BeginToEnd,,false;VEKVA,5000ft|9000ft,90kt|250kt,5000ft,EMTER,,,,OTLOR,3000ft|5000ft,90kt|230kt,3000ft;false;;;;;;;LastLegLongestPath;Converted;false;TryVerticalFirst;;false
