VTBD.03L.ENDU1B.RW03B;true;;;;;;;;;VTBD.03L.FINAL,None,,,,,,None,,,,,,,FALSE,BeginToEnd,,false;MOTIF,10000ft|15000ft,90kt|220kt,10000ft,PIANO,10000ft|13000ft,90kt|220kt,10000ft,BRENT,,,,FERDO,7000ft|9000ft,90kt|220kt,7000ft,DM307,4000ft|6000ft,90kt|220kt,4000ft;false;;;;;;;LastLegLongestPath;Converted;false;TryVerticalFirst;;false,,,,,,,,,,,,,,,,,,,,
VTBD.21L.ENDU3A.RW21B;true;;;;;;;;;VTBD.21L.FINAL,None,,,,,,None,,,,,,,FALSE,BeginToEnd,,false;BD115,14000ft|17000ft,90kt|230kt,14000ft,OPERA,,90kt|230kt,,DUDAT,7000ft|9000ft,,7000ft,BD114,,90kt|220kt,,AROKA,3000ft|5000ft,90kt|190kt,3000ft;false;;;;;;;LastLegLongestPath;Converted;false;TryVerticalFirst;;false,,,,,,,,,,,,,,,,,,,,
VTBD.21R.ENDU3A.RW21B;true;;;;;;;;;VTBD.21R.FINAL,None,,,,,,None,,,,,,,FALSE,BeginToEnd,,false;BD115,14000ft|17000ft,90kt|230kt,14000ft,OPERA,,90kt|230kt,,DUDAT,7000ft|9000ft,,7000ft,BD114,,90kt|220kt,,AROKA,3000ft|5000ft,90kt|190kt,3000ft;false;;;;;;;LastLegLongestPath;Converted;false;TryVerticalFirst;;false,,,,,,,,,,,,,,,,,,,,
VTBD.21L.WEHA3A.RW21B;true;;;;;;;;;VTBD.21L.FINAL,None,,,,,,None,,,,,,,FALSE,BeginToEnd,,false;NINER,7000ft|10000ft,90kt|230kt,7000ft,DOVAX,7000ft|8000ft,,7000ft,BD113,,90kt|220kt,,VARPI,5000ft|7000ft,,5000ft,AROKA,3000ft|5000ft,90kt|190kt,3000ft;false;;;;;;;LastLegLongestPath;Converted;false;TryVerticalFirst;;false,,,,,,,,,,,,,,,,,,,,
VTBD.21R.WEHA3A.RW21B;true;;;;;;;;;VTBD.21R.FINAL,None,,,,,,None,,,,,,,FALSE,BeginToEnd,,false;NINER,7000ft|10000ft,90kt|230kt,7000ft,DOVAX,7000ft|8000ft,,7000ft,BD113,,90kt|220kt,,VARPI,5000ft|7000ft,,5000ft,AROKA,3000ft|5000ft,90kt|190kt,3000ft;false;;;;;;;LastLegLongestPath;Converted;false;TryVerticalFirst;;false,,,,,,,,,,,,,,,,,,,,
VTSP.27.SATV1D.RW27;true;;;;;;;;;VTSP.27.FINAL,None,,,,,,None,,,,,,,FALSE,BeginToEnd,,false;SP103,7000ft|10000ft,90kt|230kt,7000ft,SP102,7000ft|9000ft,,7000ft,SP101,7000ft|9000ft,,7000ft,CIDER,5000ft|7000ft,90kt|230kt,5000ft;false;;;;;;;LastLegLongestPath;Converted;false;TryVerticalFirst;;false,,,,,,,,,,,,,,,,,,,,,,,,
VTSP.27.UPSA1D.RW27;true;;;;;;;;;VTSP.27.FINAL,None,,,,,,None,,,,,,,FALSE,BeginToEnd,,false;SP103,7000ft|10000ft,90kt|230kt,7000ft,SP102,7000ft|9000ft,,7000ft,SP101,7000ft|9000ft,,7000ft,CIDER,5000ft|7000ft,90kt|230kt,5000ft;false;;;;;;;LastLegLongestPath;Converted;false;TryVerticalFirst;;false,,,,,,,,,,,,,,,,,,,,,,,,
VTBD.21L.SABA3A.RW21B;true;;;;;;;;;VTBD.21L.FINAL,None,,,,,,None,,,,,,,FALSE,BeginToEnd,,false;BD118,20000ft|22000ft,90kt|250kt,20000ft,BD117,18000ft|20000ft,,18000ft,VASGO,,,,ESMAG,,,,BD116,,,,NODEG,10000ft|13000ft,90kt|250kt,10000ft,DUGIX,9000ft|10000ft,,9000ft,BD112,,90kt|220kt,,VARPI,5000ft|7000ft,,5000ft,AROKA,3000ft|5000ft,90kt|190kt,3000ft;false;;;;;;;LastLegLongestPath;Converted;false;TryVerticalFirst;;false
VTBD.21L.SEHN3A.RW21B;true;;;;;;;;;VTBD.21L.FINAL,None,,,,,,None,,,,,,,FALSE,BeginToEnd,,false;BD120,20000ft|24000ft,90kt|250kt,20000ft,BD119,20000ft|22000ft,,20000ft,VASGO,,,,ESMAG,,,,BD116,,,,NODEG,11000ft|13000ft,90kt|250kt,11000ft,DUGIX,9000ft|10000ft,,9000ft,BD112,,90kt|220kt,,VARPI,5000ft|7000ft,,5000ft,AROKA,3000ft|5000ft,90kt|190kt,3000ft;false;;;;;;;LastLegLongestPath;Converted;false;TryVerticalFirst;;false
VTBD.21R.SABA3A.RW21B;true;;;;;;;;;VTBD.21R.FINAL,None,,,,,,None,,,,,,,FALSE,BeginToEnd,,false;BD118,20000ft|22000ft,90kt|250kt,20000ft,BD117,18000ft|20000ft,,18000ft,VASGO,,,,ESMAG,,,,BD116,,,,NODEG,10000ft|13000ft,90kt|250kt,10000ft,DUGIX,9000ft|10000ft,,9000ft,BD112,,90kt|220kt,,VARPI,5000ft|7000ft,,5000ft,AROKA,3000ft|5000ft,90kt|190kt,3000ft;false;;;;;;;LastLegLongestPath;Converted;false;TryVerticalFirst;;false
VTBD.21R.SEHN3A.RW21B;true;;;;;;;;;VTBD.21R.FINAL,None,,,,,,None,,,,,,,FALSE,BeginToEnd,,false;BD120,20000ft|24000ft,90kt|250kt,20000ft,BD119,20000ft|22000ft,,20000ft,VASGO,,,,ESMAG,,,,BD116,,,,NODEG,11000ft|13000ft,90kt|250kt,11000ft,DUGIX,9000ft|10000ft,,9000ft,BD112,,90kt|220kt,,VARPI,5000ft|7000ft,,5000ft,AROKA,3000ft|5000ft,90kt|190kt,3000ft;false;;;;;;;LastLegLongestPath;Converted;false;TryVerticalFirst;;false
VTBS.01L.NORT3D.RW01B;true;;;;;;;;;VTBS.01L.FINAL,None,,,,,,None,,,,,,,FALSE,BeginToEnd,,false;IRTIS,16000ft|19000ft,90kt|230kt,16000ft,BS408,16000ft|18000ft,,16000ft,BS406,,90kt|230kt,,BS404,11000ft|13000ft,,11000ft,BS402,7000ft|9000ft,90kt|220kt,7000ft,TAPPA,,,,WOCAL,4000ft|6000ft,90kt|220kt,4000ft;false;;;;;;;LastLegLongestPath;Converted;false;TryVerticalFirst;;false,,,,,,,,,,,,
VTBS.01R.NORT3D.RW01B;true;;;;;;;;;VTBS.01R.FINAL,None,,,,,,None,,,,,,,FALSE,BeginToEnd,,false;IRTIS,16000ft|24000ft,90kt|230kt,16000ft,BS408,16000ft|18000ft,,16000ft,BS406,,90kt|230kt,,BS404,11000ft|13000ft,,11000ft,BS402,7000ft|9000ft,90kt|220kt,7000ft,TAPPA,,,,WOCAL,4000ft|6000ft,90kt|220kt,4000ft;false;;;;;;;LastLegLongestPath;Converted;false;TryVerticalFirst;;false,,,,,,,,,,,,
VTBS.01L.WILA3D.RW01B;true;;;;;;;;;VTBS.01L.FINAL,None,,,,,,None,,,,,,,FALSE,BeginToEnd,,false;NIMEG,20000ft|22000ft,90kt|230kt,20000ft,ISDEX,,,,BS408,16000ft|18000ft,,16000ft,BS406,,90kt|230kt,,BS404,11000ft|13000ft,,11000ft,BS402,7000ft|9000ft,90kt|220kt,7000ft,TAPPA,,,,WOCAL,4000ft|6000ft,90kt|220kt,4000ft;false;;;;;;;LastLegLongestPath;Converted;false;TryVerticalFirst;;false,,,,,,,,
VTBS.01R.WILA3D.RW01B;true;;;;;;;;;VTBS.01R.FINAL,None,,,,,,None,,,,,,,FALSE,BeginToEnd,,false;NIMEG,18000ft|20000ft,90kt|230kt,18000ft,ISDEX,,,,BS408,16000ft|18000ft,,16000ft,BS406,,90kt|230kt,,BS404,11000ft|13000ft,,11000ft,BS402,7000ft|9000ft,90kt|220kt,7000ft,TAPPA,,,,WOCAL,4000ft|6000ft,90kt|220kt,4000ft;false;;;;;;;LastLegLongestPath;Converted;false;TryVerticalFirst;;false,,,,,,,,
VTBS.19L.DOLN3C.RW19B;true;;;;;;;;;VTBS.19L.FINAL,None,,,,,,None,,,,,,,FALSE,BeginToEnd,,false;BEATS,10000ft|14000ft,90kt|230kt,10000ft,SALSA,10000ft|12000ft,90kt|230kt,10000ft,LATIN,7000ft|9000ft,,7000ft,BS503,,90kt|220kt,,BS501,,,,EKCHO,5000ft|7000ft,90kt|220kt,5000ft;false;;;;;;;LastLegLongestPath;Converted;false;TryVerticalFirst;;false,,,,,,,,,,,,,,,,
VTBS.19R.DOLN3C.RW19B;true;;;;;;;;;VTBS.19R.FINAL,None,,,,,,None,,,,,,,FALSE,BeginToEnd,,false;BEATS,10000ft|14000ft,90kt|230kt,10000ft,SALSA,10000ft|12000ft,90kt|230kt,10000ft,LATIN,7000ft|9000ft,,7000ft,BS503,,90kt|220kt,,BS501,,,,EKCHO,5000ft|7000ft,90kt|220kt,5000ft;false;;;;;;;LastLegLongestPath;Converted;false;TryVerticalFirst;;false,,,,,,,,,,,,,,,,
VTBS.19L.LEBI3C.RW19B;true;;;;;;;;;VTBS.19L.FINAL,None,,,,,,None,,,,,,,FALSE,BeginToEnd,,false;DOTSU,14000ft|16000ft,90kt|230kt,14000ft,INNDY,12000ft|14000ft,,12000ft,SALSA,10000ft|12000ft,90kt|230kt,10000ft,LATIN,7000ft|9000ft,,7000ft,BS503,,90kt|220kt,,BS501,,,,EKCHO,5000ft|7000ft,90kt|220kt,5000ft;false;;;;;;;LastLegLongestPath;Converted;false;TryVerticalFirst;;false,,,,,,,,,,,,
VTBS.19R.LEBI3C.RW19B;true;;;;;;;;;VTBS.19R.FINAL,None,,,,,,None,,,,,,,FALSE,BeginToEnd,,false;DOTSU,14000ft|16000ft,90kt|230kt,14000ft,INNDY,12000ft|14000ft,,12000ft,SALSA,10000ft|12000ft,90kt|230kt,10000ft,LATIN,7000ft|9000ft,,7000ft,BS503,,90kt|220kt,,BS501,,,,EKCHO,5000ft|7000ft,90kt|220kt,5000ft;false;;;;;;;LastLegLongestPath;Converted;false;TryVerticalFirst;;false,,,,,,,,,,,,
VTBS.19L.NORT3C.RW19B;true;;;;;;;;;VTBS.19L.FINAL,None,,,,,,None,,,,,,,FALSE,BeginToEnd,,false;BS512,16000ft|19000ft,90kt|230kt,16000ft,IRTIS,,90kt|230kt,,BS508,11000ft|13000ft,,11000ft,BS506,,,,BS504,9000ft|11000ft,90kt|220kt,9000ft,BS502,,,,WALTZ,6000ft|8000ft,90kt|220kt,6000ft;false;;;;;;;LastLegLongestPath;Converted;false;TryVerticalFirst;;false,,,,,,,,,,,,
VTBS.19R.NORT3C.RW19B;true;;;;;;;;;VTBS.19R.FINAL,None,,,,,,None,,,,,,,FALSE,BeginToEnd,,false;BS512,16000ft|19000ft,90kt|230kt,16000ft,IRTIS,,90kt|230kt,,BS508,11000ft|13000ft,,11000ft,BS506,,,,BS504,9000ft|11000ft,90kt|220kt,9000ft,BS502,,,,WALTZ,6000ft|8000ft,90kt|220kt,6000ft;false;;;;;;;LastLegLongestPath;Converted;false;TryVerticalFirst;;false,,,,,,,,,,,,
VTBS.19L.EAST3C.RW19B;true;;;;;;;;;VTBS.19L.FINAL,None,,,,,,None,,,,,,,FALSE,BeginToEnd,,false;DUMIG,11000ft|16000ft,90kt|230kt,11000ft,SOVKI,11000ft|14000ft,90kt|230kt,11000ft,TERIB,,,,BS507,,,,BS505,,,,BS503,,90kt|220kt,,BS501,,,,EKCHO,5000ft|7000ft,90kt|220kt,5000ft;false;;;;;;;LastLegLongestPath;Converted;false;TryVerticalFirst;;false,,,,,,,,
VTBS.19R.EAST3C.RW19B;true;;;;;;;;;VTBS.19R.FINAL,None,,,,,,None,,,,,,,FALSE,BeginToEnd,,false;DUMIG,11000ft|16000ft,90kt|230kt,11000ft,SOVKI,11000ft|14000ft,90kt|230kt,11000ft,TERIB,,,,BS507,,,,BS505,,,,BS503,,90kt|220kt,,BS501,,,,EKCHO,5000ft|7000ft,90kt|220kt,5000ft;false;;;;;;;LastLegLongestPath;Converted;false;TryVerticalFirst;;false,,,,,,,,
VTBS.19L.WILA3C.RW19B;true;;;;;;;;;VTBS.19L.FINAL,None,,,,,,None,,,,,,,FALSE,BeginToEnd,,false;BAROK,14000ft|17000ft,90kt|230kt,14000ft,BS510,14000ft|15000ft,,14000ft,INVEK,,90kt|230kt,,BS508,11000ft|13000ft,,11000ft,BS506,,,,BS504,9000ft|11000ft,90kt|220kt,9000ft,BS502,,,,WALTZ,6000ft|8000ft,90kt|220kt,6000ft;false;;;;;;;LastLegLongestPath;Converted;false;TryVerticalFirst;;false,,,,,,,,
VTBS.19R.WILA3C.RW19B;true;;;;;;;;;VTBS.19R.FINAL,None,,,,,,None,,,,,,,FALSE,BeginToEnd,,false;BAROK,14000ft|17000ft,90kt|230kt,14000ft,BS510,14000ft|15000ft,,14000ft,INVEK,,90kt|230kt,,BS508,11000ft|13000ft,,11000ft,BS506,,,,BS504,9000ft|11000ft,90kt|220kt,9000ft,BS502,,,,WALTZ,6000ft|8000ft,90kt|220kt,6000ft;false;;;;;;;LastLegLongestPath;Converted;false;TryVerticalFirst;;false,,,,,,,,
VTCC.36.ADLU2A.RW36;true;;;;;;;;;VTCC.36.FINAL,None,,,,,,None,,,,,,,FALSE,BeginToEnd,,false;CC113,8000ft|11000ft,90kt|230kt,8000ft,ATNUT,8000ft|10000ft,90kt|230kt,8000ft,TASIV,,90kt|220kt,,CC115,,,,CC116,,,,CC117,,,,PUKAT,6600ft|8000ft,90kt|210kt,6600ft;false;;;;;;;LastLegLongestPath;Converted;false;TryVerticalFirst;;false,,,,,,,,,,,,
VTCC.36.ASAV2A.RW36;true;;;;;;;;;VTCC.36.FINAL,None,,,,,,None,,,,,,,FALSE,BeginToEnd,,false;CC114,11000ft|14000ft,90kt|230kt,11000ft,ATNUT,8000ft|10000ft,90kt|230kt,8000ft,TASIV,,90kt|220kt,,CC115,,,,CC116,,,,CC117,,,,PUKAT,6600ft|8000ft,90kt|210kt,6600ft;false;;;;;;;LastLegLongestPath;Converted;false;TryVerticalFirst;;false,,,,,,,,,,,,
VTCC.36.KABM2A.RW36;true;;;;;;;;;VTCC.36.FINAL,None,,,,,,None,,,,,,,FALSE,BeginToEnd,,false;CC114,11000ft|14000ft,90kt|230kt,11000ft,ATNUT,8000ft|10000ft,90kt|230kt,8000ft,TASIV,,90kt|220kt,,CC115,,,,CC116,,,,CC117,,,,PUKAT,6600ft|8000ft,90kt|210kt,6600ft;false;;;;;;;LastLegLongestPath;Converted;false;TryVerticalFirst;;false,,,,,,,,,,,,
VTCC.36.MONL2A.RW36;true;;;;;;;;;VTCC.36.FINAL,None,,,,,,None,,,,,,,FALSE,BeginToEnd,,false;ATNUT,6600ft|10000ft,90kt|230kt,6600ft,TASIV,,90kt|220kt,,CC115,,,,CC116,,,,CC117,,,,PUKAT,6600ft|8000ft,90kt|210kt,6600ft;false;;;;;;;LastLegLongestPath;Converted;false;TryVerticalFirst;;false,,,,,,,,,,,,,,,,
VTBD.03L.WEHA1B.RW03B;true;;;;;;;;;VTBD.03L.FINAL,None,,,,,,None,,,,,,,FALSE,BeginToEnd,,false;PESTO,10000ft|15000ft,90kt|230kt,10000ft,DM308,10000ft|13000ft,,10000ft,BRENT,,,,FERDO,7000ft|9000ft,90kt|220kt,7000ft,DM307,4000ft|6000ft,90kt|220kt,4000ft;false;;;;;;;LastLegLongestPath;Converted;false;TryVerticalFirst;;false,,,,,,,,,,,,,,,,,,,,
VTBD.03R.ENDU1B.RW03B;true;;;;;;;;;VTBD.03R.FINAL,None,,,,,,None,,,,,,,FALSE,BeginToEnd,,false;MOTIF,10000ft|15000ft,90kt|230kt,10000ft,PIANO,10000ft|13000ft,90kt|230kt,10000ft,BRENT,,,,FERDO,7000ft|9000ft,90kt|220kt,7000ft,DM307,4000ft|6000ft,90kt|220kt,4000ft;false;;;;;;;LastLegLongestPath;Converted;false;TryVerticalFirst;;false,,,,,,,,,,,,,,,,,,,,
VTBD.03R.WEHA1B.RW03B;true;;;;;;;;;VTBD.03R.FINAL,None,,,,,,None,,,,,,,FALSE,BeginToEnd,,false;PESTO,10000ft|15000ft,90kt|230kt,10000ft,DM308,10000ft|13000ft,,10000ft,BRENT,,,,FERDO,7000ft|9000ft,90kt|220kt,7000ft,DM307,4000ft|6000ft,90kt|220kt,4000ft;false;;;;;;;LastLegLongestPath;Converted;false;TryVerticalFirst;;false,,,,,,,,,,,,,,,,,,,,
VTSS.26.ELRE1A.RW26;true;;;;;;;;;VTSS.26.FINAL,None,,,,,,None,,,,,,,FALSE,BeginToEnd,,false;SS211,10000ft|13000ft,90kt|230kt,10000ft,KIBAB,10000ft|12000ft,,10000ft,SS218,10000ft|12000ft,,10000ft,LETMO,8000ft|10000ft,,8000ft,KASLA,5000ft|7000ft,90kt|230kt,5000ft;false;;;;;;;LastLegLongestPath;Converted;false;TryVerticalFirst;;false,,,,,,,,,,,,,,,,,,,,
VTSS.26.ENVO1A.RW26;true;;;;;;;;;VTSS.26.FINAL,None,,,,,,None,,,,,,,FALSE,BeginToEnd,,false;SS212,10000ft|13000ft,90kt|230kt,10000ft,KIBAB,10000ft|12000ft,,10000ft,SS218,10000ft|12000ft,,10000ft,LETMO,8000ft|10000ft,,8000ft,KASLA,5000ft|7000ft,90kt|230kt,5000ft;false;;;;;;;LastLegLongestPath;Converted;false;TryVerticalFirst;;false,,,,,,,,,,,,,,,,,,,,
VTSS.26.PADP1A.RW26;true;;;;;;;;;VTSS.26.FINAL,None,,,,,,None,,,,,,,FALSE,BeginToEnd,,false;ISDIV,10000ft|13000ft,90kt|230kt,10000ft,KIBAB,10000ft|12000ft,,10000ft,SS218,10000ft|12000ft,,10000ft,LETMO,8000ft|10000ft,,8000ft,KASLA,5000ft|7000ft,90kt|230kt,5000ft;false;;;;;;;LastLegLongestPath;Converted;false;TryVerticalFirst;;false,,,,,,,,,,,,,,,,,,,,
VTBS.01L.DOLN3D.RW01B;true;;;;;;;;;VTBS.01L.FINAL,None,,,,,,None,,,,,,,FALSE,BeginToEnd,,false;BEATS,13000ft|14000ft,90kt|230kt,13000ft,BS405,,90kt|230kt,,BS403,,,,SANJO,,,,LATIN,7000ft|9000ft,90kt|220kt,7000ft,BS401,,,,SALSA,,,,ENKAA,3000ft|5000ft,90kt|220kt,3000ft;false;;;;;;;LastLegLongestPath;Converted;false;TryVerticalFirst;;false,,,,,,,,
VTBS.01L.LEBI3D.RW01B;true;;;;;;;;;VTBS.01L.FINAL,None,,,,,,None,,,,,,,FALSE,BeginToEnd,,false;FUNKY,7000ft|14000ft,90kt|230kt,7000ft,BS405,,90kt|230kt,,BS403,,,,SANJO,,,,LATIN,7000ft|9000ft,90kt|220kt,7000ft,BS401,,,,SALSA,,,,ENKAA,3000ft|5000ft,90kt|220kt,3000ft;false;;;;;;;LastLegLongestPath;Converted;false;TryVerticalFirst;;false,,,,,,,,
VTBS.01R.DOLN3D.RW01B;true;;;;;;;;;VTBS.01R.FINAL,None,,,,,,None,,,,,,,FALSE,BeginToEnd,,false;BEATS,13000ft|14000ft,90kt|230kt,13000ft,BS405,,90kt|230kt,,BS403,,,,SANJO,,,,LATIN,7000ft|9000ft,90kt|220kt,7000ft,BS401,,,,SALSA,,,,ENKAA,3000ft|5000ft,90kt|220kt,3000ft;false;;;;;;;LastLegLongestPath;Converted;false;TryVerticalFirst;;false,,,,,,,,
VTBS.01R.LEBI3D.RW01B;true;;;;;;;;;VTBS.01R.FINAL,None,,,,,,None,,,,,,,FALSE,BeginToEnd,,false;FUNKY,7000ft|14000ft,90kt|230kt,7000ft,BS405,,90kt|230kt,,BS403,,,,SANJO,,,,LATIN,7000ft|9000ft,90kt|220kt,7000ft,BS401,,,,SALSA,,,,ENKAA,3000ft|5000ft,90kt|220kt,3000ft;false;;;;;;;LastLegLongestPath;Converted;false;TryVerticalFirst;;false,,,,,,,,
VTSS.26.TAMO1A.RW26;true;;;;;;;;;VTSS.26.FINAL,None,,,,,,None,,,,,,,FALSE,BeginToEnd,,false;SS221,10000ft|13000ft,90kt|230kt,10000ft,DUDIB,10000ft|12000ft,,10000ft,SS220,9000ft|11000ft,,9000ft,SAKRA,5000ft|7000ft,,5000ft,PIMUV,5000ft|7000ft,90kt|230kt,5000ft;false;;;;;;;LastLegLongestPath;Converted;false;TryVerticalFirst;;false,,,,,,,,,,,,,,,,,,,,
VTCC.36.ENBA2A.RW36;true;;;;;;;;;VTCC.36.FINAL,None,,,,,,None,,,,,,,FALSE,BeginToEnd,,false;UPDOS,11000ft|13000ft,90kt|220kt,11000ft,CC101,,,,CC102,,,,CC103,,,,PUKAT,6600ft|8000ft,90kt|210kt,6600ft;false;;;;;;;LastLegLongestPath;Converted;false;TryVerticalFirst;;false,,,,,,,,,,,,,,,,,,,,
VTCC.36.GOGO2A.RW36;true;;;;;;;;;VTCC.36.FINAL,None,,,,,,None,,,,,,,FALSE,BeginToEnd,,false;UPDOS,11000ft|13000ft,90kt|220kt,11000ft,CC101,,,,CC102,,,,CC103,,,,PUKAT,6600ft|8000ft,90kt|210kt,6600ft;false;;;;;;;LastLegLongestPath;Converted;false;TryVerticalFirst;;false,,,,,,,,,,,,,,,,,,,,
VTCC.36.MARN2A.RW36;true;;;;;;;;;VTCC.36.FINAL,None,,,,,,None,,,,,,,FALSE,BeginToEnd,,false;UPDOS,11000ft|13000ft,90kt|220kt,11000ft,CC101,,,,CC102,,,,CC103,,,,PUKAT,6600ft|8000ft,90kt|210kt,6600ft;false;;;;;;;LastLegLongestPath;Converted;false;TryVerticalFirst;;false,,,,,,,,,,,,,,,,,,,,
VTCC.36.PUMA2A.RW36;true;;;;;;;;;VTCC.36.FINAL,None,,,,,,None,,,,,,,FALSE,BeginToEnd,,false;UPDOS,11000ft|13000ft,90kt|220kt,11000ft,CC101,,,,CC102,,,,CC103,,,,PUKAT,6600ft|8000ft,90kt|210kt,6600ft;false;;;;;;;LastLegLongestPath;Converted;false;TryVerticalFirst;;false,,,,,,,,,,,,,,,,,,,,
VTBS.01L.EAST3D.RW01B;true;;;;;;;;;VTBS.01L.FINAL,None,,,,,,None,,,,,,,FALSE,BeginToEnd,,false;DABTA,11000ft|16000ft,90kt|230kt,11000ft,BS407,11000ft|13000ft,90kt|230kt,11000ft,LATIN,7000ft|9000ft,90kt|220kt,7000ft,BS401,,,,SALSA,,,,ENKAA,3000ft|5000ft,90kt|220kt,3000ft;false;;;;;;;LastLegLongestPath;Converted;false;TryVerticalFirst;;false,,,,,,,,,,,,,,,,
VTBS.01R.EAST3D.RW01B;true;;;;;;;;;VTBS.01R.FINAL,None,,,,,,None,,,,,,,FALSE,BeginToEnd,,false;DABTA,11000ft|16000ft,90kt|230kt,11000ft,BS407,11000ft|13000ft,90kt|230kt,11000ft,LATIN,7000ft|9000ft,90kt|220kt,7000ft,BS401,,,,SALSA,,,,ENKAA,3000ft|5000ft,90kt|220kt,3000ft;false;;;;;;;LastLegLongestPath;Converted;false;TryVerticalFirst;;false,,,,,,,,,,,,,,,,
VTCC.18.ADLU2B.RW18;true;;;;;;;;;VTCC.18.FINAL,None,,,,,,None,,,,,,,FALSE,BeginToEnd,,false;CC511,11000ft|14000ft,90kt|230kt,11000ft,CC513,11000ft|13000ft,,11000ft,EMSOG,,90kt|220kt,,TUNTU,9000ft|9000ft,,9000ft,SUSEG,8400ft|9000ft,,8400ft,MESUX,8400ft|9000ft,90kt|210kt,8400ft;false;;;;;;;LastLegLongestPath;Converted;false;TryVerticalFirst;;false,,,,,,,,,,,,,,,,
VTCC.18.CMA2B.RW18;true;;;;;;;;;VTCC.18.FINAL,None,,,,,,None,,,,,,,FALSE,BeginToEnd,,false;CC514,13000ft|16000ft,90kt|230kt,13000ft,CC515,13000ft|15000ft,,13000ft,EMSOG,,90kt|220kt,,TUNTU,9000ft|9000ft,,9000ft,SUSEG,8400ft|9000ft,,8400ft,MESUX,8400ft|9000ft,90kt|210kt,8400ft;false;;;;;;;LastLegLongestPath;Converted;false;TryVerticalFirst;;false,,,,,,,,,,,,,,,,
VTCC.18.MONL2B.RW18;true;;;;;;;;;VTCC.18.FINAL,None,,,,,,None,,,,,,,FALSE,BeginToEnd,,false;CC512,14000ft|17000ft,90kt|230kt,14000ft,CC513,11000ft|13000ft,,11000ft,EMSOG,,90kt|220kt,,TUNTU,9000ft|9000ft,,9000ft,SUSEG,8400ft|9000ft,,8400ft,MESUX,8400ft|9000ft,90kt|210kt,8400ft;false;;;;;;;LastLegLongestPath;Converted;false;TryVerticalFirst;;false,,,,,,,,,,,,,,,,
VTCC.36.CMA2A.RW36;true;;;;;;;;;VTCC.36.FINAL,None,,,,,,None,,,,,,,FALSE,BeginToEnd,,false;CC111,13000ft|16000ft,90kt|230kt,13000ft,CC112,13000ft|15000ft,,13000ft,CC113,10000ft|11000ft,,10000ft,ATNUT,9000ft|10000ft,90kt|230kt,9000ft,TASIV,,90kt|220kt,,CC115,,,,CC116,,,,CC117,,,,PUKAT,6600ft|8000ft,90kt|210kt,6600ft;false;;;;;;;LastLegLongestPath;Converted;false;TryVerticalFirst;;false,,,,
VTCC.18.ASAV2B.RW18;true;;;;;;;;;VTCC.18.FINAL,None,,,,,,None,,,,,,,FALSE,BeginToEnd,,false;CC502,17000ft|20000ft,90kt|230kt,17000ft,RAXOM,15000ft|17000ft,,15000ft,CC515,13000ft|15000ft,,13000ft,EMSOG,,90kt|220kt,,TUNTU,9000ft|9000ft,,9000ft,SUSEG,8400ft|9000ft,,8400ft,MESUX,8400ft|9000ft,90kt|210kt,8400ft;false;;;;;;;LastLegLongestPath;Converted;false;TryVerticalFirst;;false,,,,,,,,,,,,
VTCC.18.ENBA2B.RW18;true;;;;;;;;;VTCC.18.FINAL,None,,,,,,None,,,,,,,FALSE,BeginToEnd,,false;CC504,17000ft|20000ft,90kt|230kt,17000ft,RAXOM,15000ft|17000ft,,15000ft,CC515,13000ft|15000ft,,13000ft,EMSOG,,90kt|220kt,,TUNTU,9000ft|9000ft,,9000ft,SUSEG,8400ft|9000ft,,8400ft,MESUX,8400ft|9000ft,90kt|210kt,8400ft;false;;;;;;;LastLegLongestPath;Converted;false;TryVerticalFirst;;false,,,,,,,,,,,,
VTCC.18.GOGO2B.RW18;true;;;;;;;;;VTCC.18.FINAL,None,,,,,,None,,,,,,,FALSE,BeginToEnd,,false;CC506,17000ft|20000ft,90kt|230kt,17000ft,RAXOM,15000ft|17000ft,,15000ft,CC515,13000ft|15000ft,,13000ft,EMSOG,,90kt|220kt,,TUNTU,9000ft|9000ft,,9000ft,SUSEG,8400ft|9000ft,,8400ft,MESUX,8400ft|9000ft,90kt|210kt,8400ft;false;;;;;;;LastLegLongestPath;Converted;false;TryVerticalFirst;;false,,,,,,,,,,,,
VTCC.18.KABM2B.RW18;true;;;;;;;;;VTCC.18.FINAL,None,,,,,,None,,,,,,,FALSE,BeginToEnd,,false;CC501,17000ft|20000ft,90kt|230kt,17000ft,RAXOM,15000ft|17000ft,,15000ft,CC515,13000ft|15000ft,,13000ft,EMSOG,,90kt|220kt,,TUNTU,9000ft|9000ft,,9000ft,SUSEG,8400ft|9000ft,,8400ft,MESUX,8400ft|9000ft,90kt|210kt,8400ft;false;;;;;;;LastLegLongestPath;Converted;false;TryVerticalFirst;;false,,,,,,,,,,,,
VTCC.18.MARN2B.RW18;true;;;;;;;;;VTCC.18.FINAL,None,,,,,,None,,,,,,,FALSE,BeginToEnd,,false;CC505,17000ft|20000ft,90kt|230kt,17000ft,RAXOM,15000ft|17000ft,,15000ft,CC515,13000ft|15000ft,,13000ft,EMSOG,,90kt|220kt,,TUNTU,9000ft|9000ft,,9000ft,SUSEG,8400ft|9000ft,,8400ft,MESUX,8400ft|9000ft,90kt|210kt,8400ft;false;;;;;;;LastLegLongestPath;Converted;false;TryVerticalFirst;;false,,,,,,,,,,,,
VTCC.18.PANT2B.RW18;true;;;;;;;;;VTCC.18.FINAL,None,,,,,,None,,,,,,,FALSE,BeginToEnd,,false;CC503,17000ft|20000ft,90kt|230kt,17000ft,RAXOM,15000ft|17000ft,,15000ft,CC515,13000ft|15000ft,,13000ft,EMSOG,,90kt|220kt,,TUNTU,9000ft|9000ft,,9000ft,SUSEG,8400ft|9000ft,,8400ft,MESUX,8400ft|9000ft,90kt|210kt,8400ft;false;;;;;;;LastLegLongestPath;Converted;false;TryVerticalFirst;;false,,,,,,,,,,,,
VTCC.18.PUMA2B.RW18;true;;;;;;;;;VTCC.18.FINAL,None,,,,,,None,,,,,,,FALSE,BeginToEnd,,false;CC507,17000ft|20000ft,90kt|230kt,17000ft,RAXOM,15000ft|17000ft,,15000ft,CC515,13000ft|15000ft,,13000ft,EMSOG,,90kt|220kt,,TUNTU,9000ft|9000ft,,9000ft,SUSEG,8400ft|9000ft,,8400ft,MESUX,8400ft|9000ft,90kt|210kt,8400ft;false;;;;;;;LastLegLongestPath;Converted;false;TryVerticalFirst;;false,,,,,,,,,,,,
VTSP.27.UBNE1D.RW27;true;;;;;;;;;VTSP.27.FINAL,None,,,,,,None,,,,,,,FALSE,BeginToEnd,,false;SP102,7000ft|10000ft,90kt|230kt,7000ft,SP101,7000ft|9000ft,,7000ft,CIDER,5000ft|7000ft,90kt|230kt,5000ft;false;;;;;;;LastLegLongestPath;Converted;false;TryVerticalFirst;;false,,,,,,,,,,,,,,,,,,,,,,,,,,,,
VTSP.27.ANPU1D.RW27;true;;;;;;;;;VTSP.27.FINAL,None,,,,,,None,,,,,,,FALSE,BeginToEnd,,false;SP202,7000ft|10000ft,90kt|230kt,7000ft,SP201,7000ft|9000ft,,7000ft,RIZZO,5000ft|7000ft,90kt|230kt,5000ft;false;;;;;;;LastLegLongestPath;Converted;false;TryVerticalFirst;;false,,,,,,,,,,,,,,,,,,,,,,,,,,,,
VTSG.32.EMRI1E.RW32;true;;;;;;;;;VTSG.32.FINAL,None,,,,,,None,,,,,,,FALSE,BeginToEnd,,false;SG009,5000ft|7000ft,90kt|230kt,5000ft,PANOM,5000ft|7000ft,,5000ft,ROSIC,3100ft|5100ft,90kt|230kt,3100ft,BENJA,3100ft|5100ft,90kt|230kt,3100ft;false;;;;;;;LastLegLongestPath;Converted;false;TryVerticalFirst;;false,,,,,,,,,,,,,,,,,,,,,,,,
VTBD.03L.SEHN1B.RW03B;true;;;;;;;;;VTBD.03L.FINAL,None,,,,,,None,,,,,,,FALSE,BeginToEnd,,false;BAMBU,15000ft|18000ft,90kt|230kt,15000ft,DM306,,,,ARMUS,,90kt|220kt,,DM305,4000ft|6000ft,90kt|220kt,4000ft;false;;;;;;;LastLegLongestPath;Converted;false;TryVerticalFirst;;false,,,,,,,,,,,,,,,,,,,,,,,,
VTBD.03R.SEHN1B.RW03B;true;;;;;;;;;VTBD.03R.FINAL,None,,,,,,None,,,,,,,FALSE,BeginToEnd,,false;BAMBU,15000ft|18000ft,90kt|230kt,15000ft,DM306,,,,ARMUS,,90kt|220kt,,DM305,4000ft|6000ft,90kt|220kt,4000ft;false;;;;;;;LastLegLongestPath;Converted;false;TryVerticalFirst;;false,,,,,,,,,,,,,,,,,,,,,,,,
VTBD.03L.NAKO1B.RW03B;true;;;;;;;;;VTBD.03L.FINAL,None,,,,,,None,,,,,,,FALSE,BeginToEnd,,false;PIANO,10000ft|13000ft,90kt|230kt,10000ft,BRENT,,,,FERDO,7000ft|9000ft,90kt|220kt,7000ft,DM307,4000ft|6000ft,90kt|220kt,4000ft;false;;;;;;;LastLegLongestPath;Converted;false;TryVerticalFirst;;false,,,,,,,,,,,,,,,,,,,,,,,,
VTBD.03R.NAKO1B.RW03B;true;;;;;;;;;VTBD.03R.FINAL,None,,,,,,None,,,,,,,FALSE,BeginToEnd,,false;PIANO,10000ft|13000ft,90kt|230kt,10000ft,BRENT,,,,FERDO,7000ft|9000ft,90kt|220kt,7000ft,DM307,4000ft|6000ft,90kt|220kt,4000ft;false;;;;;;;LastLegLongestPath;Converted;false;TryVerticalFirst;;false,,,,,,,,,,,,,,,,,,,,,,,,
VTSB.22.LAMU1A.RW22;true;;;;;;;;;VTSB.22.FINAL,None,,,,,,None,,,,,,,FALSE,BeginToEnd,,false;SB206,11000ft|14000ft,90kt|230kt,11000ft,SB205,11000ft|13000ft,,11000ft,IBIGA,5000ft|7000ft,,5000ft,ELNON,3000ft|5000ft,90kt|230kt,3000ft;false;;;;;;;LastLegLongestPath;Converted;false;TryVerticalFirst;;false,,,,,,,,,,,,,,,,,,,,,,,,
VTSB.22.TAVA1A.RW22;true;;;;;;;;;VTSB.22.FINAL,None,,,,,,None,,,,,,,FALSE,BeginToEnd,,false;SB206,11000ft|14000ft,90kt|230kt,11000ft,SB205,11000ft|13000ft,,11000ft,IBIGA,5000ft|7000ft,,5000ft,ELNON,3000ft|5000ft,90kt|230kt,3000ft;false;;;;;;;LastLegLongestPath;Converted;false;TryVerticalFirst;;false,,,,,,,,,,,,,,,,,,,,,,,,
VTSS.08.KENE1B.RW08;true;;;;;;;;;VTSS.08.FINAL,None,,,,,,None,,,,,,,FALSE,BeginToEnd,,false;POVAK,9000ft|12000ft,90kt|230kt,9000ft,SS808,9000ft|11000ft,,9000ft,DUDIB,8000ft|10000ft,90kt|230kt,8000ft,IGMUG,5500ft|7500ft,90kt|210kt,5500ft;false;;;;;;;LastLegLongestPath;Converted;false;TryVerticalFirst;;false,,,,,,,,,,,,,,,,,,,,,,,,
VTSS.08.NOBI1B.RW08;true;;;;;;;;;VTSS.08.FINAL,None,,,,,,None,,,,,,,FALSE,BeginToEnd,,false;POVAK,9000ft|12000ft,90kt|230kt,9000ft,SS808,9000ft|11000ft,,9000ft,DUDIB,8000ft|10000ft,90kt|230kt,8000ft,IGMUG,5500ft|7500ft,90kt|210kt,5500ft;false;;;;;;;LastLegLongestPath;Converted;false;TryVerticalFirst;;false,,,,,,,,,,,,,,,,,,,,,,,,
VTSS.08.TAXE1B.RW08;true;;;;;;;;;VTSS.08.FINAL,None,,,,,,None,,,,,,,FALSE,BeginToEnd,,false;POVAK,9000ft|12000ft,90kt|230kt,9000ft,SS808,9000ft|11000ft,,9000ft,DUDIB,8000ft|10000ft,90kt|230kt,8000ft,IGMUG,5500ft|7500ft,90kt|210kt,5500ft;false;;;;;;;LastLegLongestPath;Converted;false;TryVerticalFirst;;false,,,,,,,,,,,,,,,,,,,,,,,,
VTCC.36.PANT2A.RW36;true;;;;;;;;;VTCC.36.FINAL,None,,,,,,None,,,,,,,FALSE,BeginToEnd,,false;CC101,11000ft|13000ft,90kt|230kt,11000ft,CC102,,,,CC103,,,,PUKAT,6600ft|8000ft,90kt|210kt,6600ft;false;;;;;;;LastLegLongestPath;Converted;false;TryVerticalFirst;;false,,,,,,,,,,,,,,,,,,,,,,,,
VTSS.08.OBLE1B.RW08;true;;;;;;;;;VTSS.08.FINAL,None,,,,,,None,,,,,,,FALSE,BeginToEnd,,false;ESLUG,10000ft|13000ft,90kt|230kt,10000ft,SS809,10000ft|12000ft,,10000ft,ALDUG,8000ft|10000ft,90kt|230kt,8000ft,VEGTI,5500ft|7500ft,90kt|210kt,5500ft;false;;;;;;;LastLegLongestPath;Converted;false;TryVerticalFirst;;false,,,,,,,,,,,,,,,,,,,,,,,,
VTSS.08.PIME1B.RW08;true;;;;;;;;;VTSS.08.FINAL,None,,,,,,None,,,,,,,FALSE,BeginToEnd,,false;ESLUG,10000ft|13000ft,90kt|230kt,10000ft,SS809,10000ft|12000ft,,10000ft,ALDUG,8000ft|10000ft,90kt|230kt,8000ft,VEGTI,5500ft|7500ft,90kt|210kt,5500ft;false;;;;;;;LastLegLongestPath;Converted;false;TryVerticalFirst;;false,,,,,,,,,,,,,,,,,,,,,,,,
VTUD.30.ELNE1C.RW30;true;;;;;;;;;VTUD.30.FINAL,None,,,,,,None,,,,,,,FALSE,BeginToEnd,,false;PAMVO,11000ft|14000ft,90kt|230kt,11000ft,SAPUR,5000ft|7000ft,,5000ft,ALDES,3500ft|5000ft,90kt|230kt,3500ft;false;;;;;;;LastLegLongestPath;Converted;false;TryVerticalFirst;;false,,,,,,,,,,,,,,,,,,,,,,,,,,,,
VTBD.21L.NAKO3A.RW21B;true;;;;;;;;;VTBD.21L.FINAL,None,,,,,,None,,,,,,,FALSE,BeginToEnd,,false;DOGVA,5000ft|9000ft,90kt|220kt,5000ft,BD114,,90kt|220kt,,AROKA,3000ft|5000ft,90kt|190kt,3000ft;false;;;;;;;LastLegLongestPath;Converted;false;TryVerticalFirst;;false,,,,,,,,,,,,,,,,,,,,,,,,,,,,
VTBD.21R.NAKO3A.RW21B;true;;;;;;;;;VTBD.21R.FINAL,None,,,,,,None,,,,,,,FALSE,BeginToEnd,,false;DOGVA,5000ft|9000ft,90kt|220kt,5000ft,BD114,,90kt|220kt,,AROKA,3000ft|5000ft,90kt|190kt,3000ft;false;;;;;;;LastLegLongestPath;Converted;false;TryVerticalFirst;;false,,,,,,,,,,,,,,,,,,,,,,,,,,,,
VTSP.27.IGEV1D.RW27;true;;;;;;;;;VTSP.27.FINAL,None,,,,,,None,,,,,,,FALSE,BeginToEnd,,false;STONE,5000ft|8000ft,90kt|230kt,5000ft,CIDER,5000ft|7000ft,90kt|230kt,5000ft;false;;;;;;;LastLegLongestPath;Converted;false;TryVerticalFirst;;false,,,,,,,,,,,,,,,,,,,,,,,,,,,,,,,,
VTSP.27.MONB1D.RW27;true;;;;;;;;;VTSP.27.FINAL,None,,,,,,None,,,,,,,FALSE,BeginToEnd,,false;STONE,5000ft|8000ft,90kt|230kt,5000ft,CIDER,5000ft|7000ft,90kt|230kt,5000ft;false;;;;;;;LastLegLongestPath;Converted;false;TryVerticalFirst;;false,,,,,,,,,,,,,,,,,,,,,,,,,,,,,,,,
VTSP.27.SAVS1D.RW27;true;;;;;;;;;VTSP.27.FINAL,None,,,,,,None,,,,,,,FALSE,BeginToEnd,,false;STONE,5000ft|8000ft,90kt|230kt,5000ft,CIDER,5000ft|7000ft,90kt|230kt,5000ft;false;;;;;;;LastLegLongestPath;Converted;false;TryVerticalFirst;;false,,,,,,,,,,,,,,,,,,,,,,,,,,,,,,,,
VTSP.27.SUSI1D.RW27;true;;;;;;;;;VTSP.27.FINAL,None,,,,,,None,,,,,,,FALSE,BeginToEnd,,false;STONE,5000ft|8000ft,90kt|230kt,5000ft,CIDER,5000ft|7000ft,90kt|230kt,5000ft;false;;;;;;;LastLegLongestPath;Converted;false;TryVerticalFirst;;false,,,,,,,,,,,,,,,,,,,,,,,,,,,,,,,,
VTSP.27.URGA1D.RW27;true;;;;;;;;;VTSP.27.FINAL,None,,,,,,None,,,,,,,FALSE,BeginToEnd,,false;PACUS,5000ft|8000ft,90kt|230kt,5000ft,RIZZO,5000ft|7000ft,90kt|230kt,5000ft;false;;;;;;;LastLegLongestPath;Converted;false;TryVerticalFirst;;false,,,,,,,,,,,,,,,,,,,,,,,,,,,,,,,,
VTSB.22.EMVE1A.RW22;true;;;;;;;;;VTSB.22.FINAL,None,,,,,,None,,,,,,,FALSE,BeginToEnd,,false;SB205,11000ft|14000ft,90kt|230kt,11000ft,IBIGA,5000ft|7000ft,,5000ft,ELNON,3000ft|5000ft,90kt|230kt,3000ft;false;;;;;;;LastLegLongestPath;Converted;false;TryVerticalFirst;;false,,,,,,,,,,,,,,,,,,,,,,,,,,,,
VTSB.22.IDNA1A.RW22;true;;;;;;;;;VTSB.22.FINAL,None,,,,,,None,,,,,,,FALSE,BeginToEnd,,false;SB205,11000ft|14000ft,90kt|230kt,11000ft,IBIGA,5000ft|7000ft,,5000ft,ELNON,3000ft|5000ft,90kt|230kt,3000ft;false;;;;;;;LastLegLongestPath;Converted;false;TryVerticalFirst;;false,,,,,,,,,,,,,,,,,,,,,,,,,,,,
VTSB.22.SEGR1A.RW22;true;;;;;;;;;VTSB.22.FINAL,None,,,,,,None,,,,,,,FALSE,BeginToEnd,,false;SB204,10000ft|13000ft,90kt|230kt,10000ft,IBIGA,5000ft|7000ft,,5000ft,ELNON,3000ft|5000ft,90kt|230kt,3000ft;false;;;;;;;LastLegLongestPath;Converted;false;TryVerticalFirst;;false,,,,,,,,,,,,,,,,,,,,,,,,,,,,
VTCC.36.LAMU2A.RW36;true;;;;;;;;;VTCC.36.FINAL,None,,,,,,None,,,,,,,FALSE,BeginToEnd,,false;CC632,13000ft|16000ft,90kt|230kt,13000ft,ANSAB,13000ft|15000ft,,13000ft,ENRIS,8000ft|10000ft,90kt|220kt,8000ft;false;;;;;;;LastLegLongestPath;Converted;false;TryVerticalFirst;;false,,,,,,,,,,,,,,,,,,,,,,,,,,,,
VTCC.36.VISE2A.RW36;true;;;;;;;;;VTCC.36.FINAL,None,,,,,,None,,,,,,,FALSE,BeginToEnd,,false;CC632,13000ft|16000ft,90kt|230kt,13000ft,ANSAB,13000ft|15000ft,,13000ft,ENRIS,8000ft|10000ft,90kt|220kt,8000ft;false;;;;;;;LastLegLongestPath;Converted;false;TryVerticalFirst;;false,,,,,,,,,,,,,,,,,,,,,,,,,,,,
VTSS.08.TAMO1B.RW08;true;;;;;;;;;VTSS.08.FINAL,None,,,,,,None,,,,,,,FALSE,BeginToEnd,,false;SS221,10000ft|13000ft,90kt|230kt,10000ft,DUDIB,8000ft|10000ft,90kt|230kt,8000ft,IGMUG,5500ft|7500ft,90kt|210kt,5500ft;false;;;;;;;LastLegLongestPath;Converted;false;TryVerticalFirst;;false,,,,,,,,,,,,,,,,,,,,,,,,,,,,
VTSS.26.PIME1A.RW26;true;;;;;;;;;VTSS.26.FINAL,None,,,,,,None,,,,,,,FALSE,BeginToEnd,,false;SS219,10000ft|13000ft,90kt|230kt,10000ft,LETMO,8000ft|10000ft,,8000ft,KASLA,5000ft|7000ft,90kt|230kt,5000ft;false;;;;;;;LastLegLongestPath;Converted;false;TryVerticalFirst;;false,,,,,,,,,,,,,,,,,,,,,,,,,,,,
VTUD.12.MUGN1A.RW12;true;;;;;;;;;VTUD.12.FINAL,None,,,,,,None,,,,,,,FALSE,BeginToEnd,,false;OLPES,7000ft|10000ft,90kt|230kt,7000ft,ELNET,7000ft|9000ft,,7000ft,LEBOG,3500ft|5000ft,90kt|230kt,3500ft;false;;;;;;;LastLegLongestPath;Converted;false;TryVerticalFirst;;false,,,,,,,,,,,,,,,,,,,,,,,,,,,,
VTUD.30.ESGI1C.RW30;true;;;;;;;;;VTUD.30.FINAL,None,,,,,,None,,,,,,,FALSE,BeginToEnd,,false;UD307,11000ft|14000ft,90kt|230kt,11000ft,MOSDI,10000ft|12000ft,,10000ft,OTLOR,3500ft|5000ft,90kt|230kt,3500ft;false;;;;;;;LastLegLongestPath;Converted;false;TryVerticalFirst;;false,,,,,,,,,,,,,,,,,,,,,,,,,,,,
VTUD.30.SURG1C.RW30;true;;;;;;;;;VTUD.30.FINAL,None,,,,,,None,,,,,,,FALSE,BeginToEnd,,false;VEKVA,5000ft|9000ft,90kt|230kt,5000ft,EMTER,,,,OTLOR,3500ft|5000ft,90kt|230kt,3500ft;false;;;;;;;LastLegLongestPath;Converted;false;TryVerticalFirst;;false,,,,,,,,,,,,,,,,,,,,,,,,,,,,
VTSP.09.EMRI1C.RW09;true;;;;;;;;;VTSP.09.FINAL,None,,,,,,None,,,,,,,FALSE,BeginToEnd,,false;SP803,13000ft|16000ft,90kt|230kt,13000ft,JUVEY,,,,RAWAI,4000ft|6000ft,90kt|230kt,4000ft;false;;;;;;;LastLegLongestPath;Converted;false;TryVerticalFirst;;false,,,,,,,,,,,,,,,,,,,,,,,,,,,,
VTSP.09.EPGO1C.RW09;true;;;;;;;;;VTSP.09.FINAL,None,,,,,,None,,,,,,,FALSE,BeginToEnd,,false;SP803,13000ft|16000ft,90kt|230kt,13000ft,JUVEY,,,,RAWAI,4000ft|6000ft,90kt|230kt,4000ft;false;;;;;;;LastLegLongestPath;Converted;false;TryVerticalFirst;;false,,,,,,,,,,,,,,,,,,,,,,,,,,,,
VTSP.09.URGA1C.RW09;true;;;;;;;;;VTSP.09.FINAL,None,,,,,,None,,,,,,,FALSE,BeginToEnd,,false;SP801,13000ft|16000ft,90kt|230kt,13000ft,JUVEY,,,,RAWAI,4000ft|6000ft,90kt|230kt,4000ft;false;;;;;;;LastLegLongestPath;Converted;false;TryVerticalFirst;;false,,,,,,,,,,,,,,,,,,,,,,,,,,,,
VTUD.12.ANPU1A.RW12;true;;;;;;;;;VTUD.12.FINAL,None,,,,,,None,,,,,,,FALSE,BeginToEnd,,false;NUPDU,11000ft|14000ft,90kt|230kt,11000ft,BEGOL,10000ft|12000ft,,10000ft,RIRMI,3500ft|5000ft,90kt|230kt,3500ft;false;;;;;;;LastLegLongestPath;Converted;false;TryVerticalFirst;;false,,,,,,,,,,,,,,,,,,,,,,,,,,,,
VTUD.12.POVE1A.RW12;true;;;;;;;;;VTUD.12.FINAL,None,,,,,,None,,,,,,,FALSE,BeginToEnd,,false;UD126,11000ft|14000ft,90kt|230kt,11000ft,BEGOL,10000ft|12000ft,,10000ft,RIRMI,3500ft|5000ft,90kt|230kt,3500ft;false;;;;;;;LastLegLongestPath;Converted;false;TryVerticalFirst;;false,,,,,,,,,,,,,,,,,,,,,,,,,,,,
VTUD.12.GULN1A.RW12;true;;;;;;;;;VTUD.12.FINAL,None,,,,,,None,,,,,,,FALSE,BeginToEnd,,false;UD125,11000ft|14000ft,90kt|230kt,11000ft,DOXUR,10000ft|12000ft,,10000ft,RUGBU,3500ft|5000ft,90kt|230kt,3500ft;false;;;;;;;LastLegLongestPath;Converted;false;TryVerticalFirst;;false,,,,,,,,,,,,,,,,,,,,,,,,,,,,
VTSP.09.ONET1C.RW09;true;;;;;;;;;VTSP.09.FINAL,None,,,,,,None,,,,,,,FALSE,BeginToEnd,,false;SP703,13000ft|16000ft,90kt|230kt,13000ft,MILAN,,,,SP702,4000ft|6000ft,90kt|230kt,4000ft;false;;;;;;;LastLegLongestPath;Converted;false;TryVerticalFirst;;false,,,,,,,,,,,,,,,,,,,,,,,,,,,,
VTSB.04.IKER1B.RW04;true;;;;;;;;;VTSB.04.FINAL,None,,,,,,None,,,,,,,FALSE,BeginToEnd,,false;SB409,8000ft|11000ft,90kt|230kt,8000ft,SB408,5100ft|7000ft,,5100ft,VARSA,5100ft|7000ft,90kt|230kt,5100ft;false;;;;;;;LastLegLongestPath;Converted;false;TryVerticalFirst;;false,,,,,,,,,,,,,,,,,,,,,,,,,,,,
VTSB.04.TOGI1B.RW04;true;;;;;;;;;VTSB.04.FINAL,None,,,,,,None,,,,,,,FALSE,BeginToEnd,,false;SB409,8000ft|11000ft,90kt|230kt,8000ft,SB408,5100ft|7000ft,,5100ft,VARSA,5100ft|7000ft,90kt|230kt,5100ft;false;;;;;;;LastLegLongestPath;Converted;false;TryVerticalFirst;;false,,,,,,,,,,,,,,,,,,,,,,,,,,,,
VTSS.08.ELRE1B.RW08;true;;;;;;;;;VTSS.08.FINAL,None,,,,,,None,,,,,,,FALSE,BeginToEnd,,false;ISDIV,10000ft|13000ft,90kt|230kt,10000ft,ALDUG,8000ft|10000ft,90kt|230kt,8000ft,VEGTI,5500ft|7500ft,90kt|210kt,5500ft;false;;;;;;;LastLegLongestPath;Converted;false;TryVerticalFirst;;false,,,,,,,,,,,,,,,,,,,,,,,,,,,,
VTSS.08.ENVO1B.RW08;true;;;;;;;;;VTSS.08.FINAL,None,,,,,,None,,,,,,,FALSE,BeginToEnd,,false;ISDIV,10000ft|13000ft,90kt|230kt,10000ft,ALDUG,8000ft|10000ft,90kt|230kt,8000ft,VEGTI,5500ft|7500ft,90kt|210kt,5500ft;false;;;;;;;LastLegLongestPath;Converted;false;TryVerticalFirst;;false,,,,,,,,,,,,,,,,,,,,,,,,,,,,
VTSS.08.PADP1B.RW08;true;;;;;;;;;VTSS.08.FINAL,None,,,,,,None,,,,,,,FALSE,BeginToEnd,,false;SS807,10000ft|13000ft,90kt|230kt,10000ft,ALDUG,8000ft|10000ft,90kt|230kt,8000ft,VEGTI,5500ft|7500ft,90kt|210kt,5500ft;false;;;;;;;LastLegLongestPath;Converted;false;TryVerticalFirst;;false,,,,,,,,,,,,,,,,,,,,,,,,,,,,
VTBD.03L.ENDU1B.UBLOD;true;;;;;;;;;VTBD.03L.ENDU1B.RW03B,None,,,,,,None,,,,,,,FALSE,BeginToEnd,,false;UBLOD,22000ft|24000ft,90kt|300kt,22000ft,ENDUU,20000ft|22000ft,90kt|230kt,20000ft;false;;;;;;;LastLegLongestPath;Converted;false;TryVerticalFirst;;false,,,,,,,,,,,,,,,,,,,,,,,,,,,,,,,,
VTBD.03L.NAKO1B.ALBOS;true;;;;;;;;;VTBD.03L.NAKO1B.RW03B,None,,,,,,None,,,,,,,FALSE,BeginToEnd,,false;ALBOS,16000ft|18000ft,90kt|300kt,16000ft,NAKON,14000ft|16000ft,90kt|230kt,14000ft;false;;;;;;;LastLegLongestPath;Converted;false;TryVerticalFirst;;false,,,,,,,,,,,,,,,,,,,,,,,,,,,,,,,,
VTBD.03L.NAKO1B.NOBER;true;;;;;;;;;VTBD.03L.NAKO1B.RW03B,None,,,,,,None,,,,,,,FALSE,BeginToEnd,,false;NOBER,16000ft|18000ft,90kt|300kt,16000ft,NAKON,14000ft|16000ft,90kt|230kt,14000ft;false;;;;;;;LastLegLongestPath;Converted;false;TryVerticalFirst;;false,,,,,,,,,,,,,,,,,,,,,,,,,,,,,,,,
VTBD.03L.NAKO1B.SEMBO;true;;;;;;;;;VTBD.03L.NAKO1B.RW03B,None,,,,,,None,,,,,,,FALSE,BeginToEnd,,false;SEMBO,16000ft|18000ft,90kt|300kt,16000ft,NAKON,14000ft|16000ft,90kt|230kt,14000ft;false;;;;;;;LastLegLongestPath;Converted;false;TryVerticalFirst;;false,,,,,,,,,,,,,,,,,,,,,,,,,,,,,,,,
VTBD.03L.NAKO1B.TL;true;;;;;;;;;VTBD.03L.NAKO1B.RW03B,None,,,,,,None,,,,,,,FALSE,BeginToEnd,,false;TL,16000ft|18000ft,90kt|300kt,16000ft,NAKON,14000ft|16000ft,90kt|230kt,14000ft;false;;;;;;;LastLegLongestPath;Converted;false;TryVerticalFirst;;false,,,,,,,,,,,,,,,,,,,,,,,,,,,,,,,,
VTBD.03L.SABA1B.BUT;true;;;;;;;;;VTBD.03L.SABA1B.RW03B,None,,,,,,None,,,,,,,FALSE,BeginToEnd,,false;BUT,10000ft|15000ft,90kt|250kt,10000ft,SABAI,10000ft|13000ft,90kt|250kt,10000ft;false;;;;;;;LastLegLongestPath;Converted;false;TryVerticalFirst;;false,,,,,,,,,,,,,,,,,,,,,,,,,,,,,,,,
VTBD.03L.SABA1B.GUTSO;true;;;;;;;;;VTBD.03L.SABA1B.RW03B,None,,,,,,None,,,,,,,FALSE,BeginToEnd,,false;GUTSO,10000ft|15000ft,90kt|250kt,10000ft,SABAI,10000ft|13000ft,90kt|250kt,10000ft;false;;;;;;;LastLegLongestPath;Converted;false;TryVerticalFirst;;false,,,,,,,,,,,,,,,,,,,,,,,,,,,,,,,,
VTBD.03L.SABA1B.HOTEL;true;;;;;;;;;VTBD.03L.SABA1B.RW03B,None,,,,,,None,,,,,,,FALSE,BeginToEnd,,false;HOTEL,10000ft|15000ft,90kt|250kt,10000ft,SABAI,10000ft|13000ft,90kt|250kt,10000ft;false;;;;;;;LastLegLongestPath;Converted;false;TryVerticalFirst;;false,,,,,,,,,,,,,,,,,,,,,,,,,,,,,,,,
VTBD.03L.SABA1B.RW03B;true;;;;;;;;;VTBD.03L.FINAL,None,,,,,,None,,,,,,,FALSE,BeginToEnd,,false;ARMUS,10000ft|13000ft,90kt|220kt,10000ft,DM305,4000ft|6000ft,90kt|220kt,4000ft;false;;;;;;;LastLegLongestPath;Converted;false;TryVerticalFirst;;false,,,,,,,,,,,,,,,,,,,,,,,,,,,,,,,,
VTBD.03L.SABA1B.SURMA;true;;;;;;;;;VTBD.03L.SABA1B.RW03B,None,,,,,,None,,,,,,,FALSE,BeginToEnd,,false;SURMA,10000ft|15000ft,90kt|250kt,10000ft,SABAI,10000ft|13000ft,90kt|250kt,10000ft;false;;;;;;;LastLegLongestPath;Converted;false;TryVerticalFirst;;false,,,,,,,,,,,,,,,,,,,,,,,,,,,,,,,,
VTBD.03L.SEHN1B.ALEMI;true;;;;;;;;;VTBD.03L.SEHN1B.RW03B,None,,,,,,None,,,,,,,FALSE,BeginToEnd,,false;ALEMI,22000ft|24000ft,90kt|300kt,22000ft,SEHNA,20000ft|22000ft,90kt|230kt,20000ft;false;;;;;;;LastLegLongestPath;Converted;false;TryVerticalFirst;;false,,,,,,,,,,,,,,,,,,,,,,,,,,,,,,,,
VTBD.03L.SEHN1B.ANREN;true;;;;;;;;;VTBD.03L.SEHN1B.RW03B,None,,,,,,None,,,,,,,FALSE,BeginToEnd,,false;ANREN,22000ft|24000ft,90kt|300kt,22000ft,SEHNA,20000ft|22000ft,90kt|230kt,20000ft;false;;;;;;;LastLegLongestPath;Converted;false;TryVerticalFirst;;false,,,,,,,,,,,,,,,,,,,,,,,,,,,,,,,,
VTBD.03L.SEHN1B.DULEM;true;;;;;;;;;VTBD.03L.SEHN1B.RW03B,None,,,,,,None,,,,,,,FALSE,BeginToEnd,,false;DULEM,22000ft|24000ft,90kt|300kt,22000ft,SEHNA,20000ft|22000ft,90kt|230kt,20000ft;false;;;;;;;LastLegLongestPath;Converted;false;TryVerticalFirst;;false,,,,,,,,,,,,,,,,,,,,,,,,,,,,,,,,
VTBD.03L.SEHN1B.GOMES;true;;;;;;;;;VTBD.03L.SEHN1B.RW03B,None,,,,,,None,,,,,,,FALSE,BeginToEnd,,false;GOMES,22000ft|24000ft,90kt|300kt,22000ft,SEHNA,20000ft|22000ft,90kt|230kt,20000ft;false;;;;;;;LastLegLongestPath;Converted;false;TryVerticalFirst;;false,,,,,,,,,,,,,,,,,,,,,,,,,,,,,,,,
VTBD.03L.SEHN1B.NUGPA;true;;;;;;;;;VTBD.03L.SEHN1B.RW03B,None,,,,,,None,,,,,,,FALSE,BeginToEnd,,false;NUGPA,22000ft|24000ft,90kt|300kt,22000ft,SEHNA,20000ft|22000ft,90kt|230kt,20000ft;false;;;;;;;LastLegLongestPath;Converted;false;TryVerticalFirst;;false,,,,,,,,,,,,,,,,,,,,,,,,,,,,,,,,
VTBD.03L.SEHN1B.RYN;true;;;;;;;;;VTBD.03L.SEHN1B.RW03B,None,,,,,,None,,,,,,,FALSE,BeginToEnd,,false;RYN,22000ft|24000ft,90kt|300kt,22000ft,SEHNA,20000ft|22000ft,90kt|230kt,20000ft;false;;;;;;;LastLegLongestPath;Converted;false;TryVerticalFirst;;false,,,,,,,,,,,,,,,,,,,,,,,,,,,,,,,,
VTBD.03L.WEHA1B.BONVO;true;;;;;;;;;VTBD.03L.WEHA1B.RW03B,None,,,,,,None,,,,,,,FALSE,BeginToEnd,,false;BONVO,18000ft|20000ft,90kt|300kt,18000ft,WEHHA,16000ft|18000ft,90kt|230kt,16000ft;false;;;;;;;LastLegLongestPath;Converted;false;TryVerticalFirst;;false,,,,,,,,,,,,,,,,,,,,,,,,,,,,,,,,
VTBD.03L.WEHA1B.IBETO;true;;;;;;;;;VTBD.03L.WEHA1B.RW03B,None,,,,,,None,,,,,,,FALSE,BeginToEnd,,false;IBETO,18000ft|20000ft,90kt|300kt,18000ft,WEHHA,16000ft|18000ft,90kt|230kt,16000ft;false;;;;;;;LastLegLongestPath;Converted;false;TryVerticalFirst;;false,,,,,,,,,,,,,,,,,,,,,,,,,,,,,,,,
VTBD.03L.WEHA1B.IGONI;true;;;;;;;;;VTBD.03L.WEHA1B.RW03B,None,,,,,,None,,,,,,,FALSE,BeginToEnd,,false;IGONI,18000ft|20000ft,90kt|300kt,18000ft,WEHHA,16000ft|18000ft,90kt|230kt,16000ft;false;;;;;;;LastLegLongestPath;Converted;false;TryVerticalFirst;;false,,,,,,,,,,,,,,,,,,,,,,,,,,,,,,,,
VTBD.03L.WEHA1B.PASTO;true;;;;;;;;;VTBD.03L.WEHA1B.RW03B,None,,,,,,None,,,,,,,FALSE,BeginToEnd,,false;PASTO,18000ft|20000ft,90kt|300kt,18000ft,WEHHA,16000ft|18000ft,90kt|230kt,16000ft;false;;;;;;;LastLegLongestPath;Converted;false;TryVerticalFirst;;false,,,,,,,,,,,,,,,,,,,,,,,,,,,,,,,,
VTBD.03L.WEHA1B.TARED;true;;;;;;;;;VTBD.03L.WEHA1B.RW03B,None,,,,,,None,,,,,,,FALSE,BeginToEnd,,false;TARED,18000ft|20000ft,90kt|300kt,18000ft,WEHHA,16000ft|18000ft,90kt|230kt,16000ft;false;;;;;;;LastLegLongestPath;Converted;false;TryVerticalFirst;;false,,,,,,,,,,,,,,,,,,,,,,,,,,,,,,,,
VTBD.03R.ENDU1B.UBLOD;true;;;;;;;;;VTBD.03R.ENDU1B.RW03B,None,,,,,,None,,,,,,,FALSE,BeginToEnd,,false;UBLOD,22000ft|24000ft,90kt|300kt,22000ft,ENDUU,20000ft|22000ft,90kt|230kt,20000ft;false;;;;;;;LastLegLongestPath;Converted;false;TryVerticalFirst;;false,,,,,,,,,,,,,,,,,,,,,,,,,,,,,,,,
VTBD.03R.NAKO1B.ALBOS;true;;;;;;;;;VTBD.03R.NAKO1B.RW03B,None,,,,,,None,,,,,,,FALSE,BeginToEnd,,false;ALBOS,16000ft|18000ft,90kt|300kt,16000ft,NAKON,14000ft|16000ft,90kt|230kt,14000ft;false;;;;;;;LastLegLongestPath;Converted;false;TryVerticalFirst;;false,,,,,,,,,,,,,,,,,,,,,,,,,,,,,,,,
VTBD.03R.NAKO1B.NOBER;true;;;;;;;;;VTBD.03R.NAKO1B.RW03B,None,,,,,,None,,,,,,,FALSE,BeginToEnd,,false;NOBER,16000ft|18000ft,90kt|300kt,16000ft,NAKON,14000ft|16000ft,90kt|230kt,14000ft;false;;;;;;;LastLegLongestPath;Converted;false;TryVerticalFirst;;false,,,,,,,,,,,,,,,,,,,,,,,,,,,,,,,,
VTBD.03R.NAKO1B.SEMBO;true;;;;;;;;;VTBD.03R.NAKO1B.RW03B,None,,,,,,None,,,,,,,FALSE,BeginToEnd,,false;SEMBO,16000ft|18000ft,90kt|300kt,16000ft,NAKON,14000ft|16000ft,90kt|230kt,14000ft;false;;;;;;;LastLegLongestPath;Converted;false;TryVerticalFirst;;false,,,,,,,,,,,,,,,,,,,,,,,,,,,,,,,,
VTBD.03R.NAKO1B.TL;true;;;;;;;;;VTBD.03R.NAKO1B.RW03B,None,,,,,,None,,,,,,,FALSE,BeginToEnd,,false;TL,16000ft|18000ft,90kt|300kt,16000ft,NAKON,14000ft|16000ft,90kt|230kt,14000ft;false;;;;;;;LastLegLongestPath;Converted;false;TryVerticalFirst;;false,,,,,,,,,,,,,,,,,,,,,,,,,,,,,,,,
VTBD.03R.SABA1B.BUT;true;;;;;;;;;VTBD.03R.SABA1B.RW03B,None,,,,,,None,,,,,,,FALSE,BeginToEnd,,false;BUT,10000ft|15000ft,90kt|250kt,10000ft,SABAI,10000ft|13000ft,90kt|250kt,10000ft;false;;;;;;;LastLegLongestPath;Converted;false;TryVerticalFirst;;false,,,,,,,,,,,,,,,,,,,,,,,,,,,,,,,,
VTBD.03R.SABA1B.GUTSO;true;;;;;;;;;VTBD.03R.SABA1B.RW03B,None,,,,,,None,,,,,,,FALSE,BeginToEnd,,false;GUTSO,10000ft|15000ft,90kt|250kt,10000ft,SABAI,10000ft|13000ft,90kt|250kt,10000ft;false;;;;;;;LastLegLongestPath;Converted;false;TryVerticalFirst;;false,,,,,,,,,,,,,,,,,,,,,,,,,,,,,,,,
VTBD.03R.SABA1B.HOTEL;true;;;;;;;;;VTBD.03R.SABA1B.RW03B,None,,,,,,None,,,,,,,FALSE,BeginToEnd,,false;HOTEL,10000ft|15000ft,90kt|250kt,10000ft,SABAI,10000ft|13000ft,90kt|250kt,10000ft;false;;;;;;;LastLegLongestPath;Converted;false;TryVerticalFirst;;false,,,,,,,,,,,,,,,,,,,,,,,,,,,,,,,,
VTBD.03R.SABA1B.RW03B;true;;;;;;;;;VTBD.03R.FINAL,None,,,,,,None,,,,,,,FALSE,BeginToEnd,,false;ARMUS,6000ft|13000ft,90kt|220kt,6000ft,DM305,4000ft|6000ft,90kt|220kt,4000ft;false;;;;;;;LastLegLongestPath;Converted;false;TryVerticalFirst;;false,,,,,,,,,,,,,,,,,,,,,,,,,,,,,,,,
VTBD.03R.SABA1B.SURMA;true;;;;;;;;;VTBD.03R.SABA1B.RW03B,None,,,,,,None,,,,,,,FALSE,BeginToEnd,,false;SURMA,10000ft|15000ft,90kt|250kt,10000ft,SABAI,10000ft|13000ft,90kt|250kt,10000ft;false;;;;;;;LastLegLongestPath;Converted;false;TryVerticalFirst;;false,,,,,,,,,,,,,,,,,,,,,,,,,,,,,,,,
VTBD.03R.SEHN1B.ALEMI;true;;;;;;;;;VTBD.03R.SEHN1B.RW03B,None,,,,,,None,,,,,,,FALSE,BeginToEnd,,false;ALEMI,22000ft|24000ft,90kt|300kt,22000ft,SEHNA,20000ft|22000ft,90kt|230kt,20000ft;false;;;;;;;LastLegLongestPath;Converted;false;TryVerticalFirst;;false,,,,,,,,,,,,,,,,,,,,,,,,,,,,,,,,
VTBD.03R.SEHN1B.ANREN;true;;;;;;;;;VTBD.03R.SEHN1B.RW03B,None,,,,,,None,,,,,,,FALSE,BeginToEnd,,false;ANREN,22000ft|24000ft,90kt|300kt,22000ft,SEHNA,20000ft|22000ft,90kt|230kt,20000ft;false;;;;;;;LastLegLongestPath;Converted;false;TryVerticalFirst;;false,,,,,,,,,,,,,,,,,,,,,,,,,,,,,,,,
VTBD.03R.SEHN1B.DULEM;true;;;;;;;;;VTBD.03R.SEHN1B.RW03B,None,,,,,,None,,,,,,,FALSE,BeginToEnd,,false;DULEM,22000ft|24000ft,90kt|300kt,22000ft,SEHNA,20000ft|22000ft,90kt|230kt,20000ft;false;;;;;;;LastLegLongestPath;Converted;false;TryVerticalFirst;;false,,,,,,,,,,,,,,,,,,,,,,,,,,,,,,,,
VTBD.03R.SEHN1B.GOMES;true;;;;;;;;;VTBD.03R.SEHN1B.RW03B,None,,,,,,None,,,,,,,FALSE,BeginToEnd,,false;GOMES,22000ft|24000ft,90kt|300kt,22000ft,SEHNA,20000ft|22000ft,90kt|230kt,20000ft;false;;;;;;;LastLegLongestPath;Converted;false;TryVerticalFirst;;false,,,,,,,,,,,,,,,,,,,,,,,,,,,,,,,,
VTBD.03R.SEHN1B.NUGPA;true;;;;;;;;;VTBD.03R.SEHN1B.RW03B,None,,,,,,None,,,,,,,FALSE,BeginToEnd,,false;NUGPA,22000ft|24000ft,90kt|300kt,22000ft,SEHNA,20000ft|22000ft,90kt|230kt,20000ft;false;;;;;;;LastLegLongestPath;Converted;false;TryVerticalFirst;;false,,,,,,,,,,,,,,,,,,,,,,,,,,,,,,,,
VTBD.03R.SEHN1B.RYN;true;;;;;;;;;VTBD.03R.SEHN1B.RW03B,None,,,,,,None,,,,,,,FALSE,BeginToEnd,,false;RYN,22000ft|24000ft,90kt|300kt,22000ft,SEHNA,20000ft|22000ft,90kt|230kt,20000ft;false;;;;;;;LastLegLongestPath;Converted;false;TryVerticalFirst;;false,,,,,,,,,,,,,,,,,,,,,,,,,,,,,,,,
VTBD.03R.WEHA1B.BONVO;true;;;;;;;;;VTBD.03R.WEHA1B.RW03B,None,,,,,,None,,,,,,,FALSE,BeginToEnd,,false;BONVO,18000ft|20000ft,90kt|300kt,18000ft,WEHHA,16000ft|18000ft,90kt|230kt,16000ft;false;;;;;;;LastLegLongestPath;Converted;false;TryVerticalFirst;;false,,,,,,,,,,,,,,,,,,,,,,,,,,,,,,,,
VTBD.03R.WEHA1B.IBETO;true;;;;;;;;;VTBD.03R.WEHA1B.RW03B,None,,,,,,None,,,,,,,FALSE,BeginToEnd,,false;IBETO,18000ft|20000ft,90kt|300kt,18000ft,WEHHA,16000ft|18000ft,90kt|230kt,16000ft;false;;;;;;;LastLegLongestPath;Converted;false;TryVerticalFirst;;false,,,,,,,,,,,,,,,,,,,,,,,,,,,,,,,,
VTBD.03R.WEHA1B.IGONI;true;;;;;;;;;VTBD.03R.WEHA1B.RW03B,None,,,,,,None,,,,,,,FALSE,BeginToEnd,,false;IGONI,18000ft|20000ft,90kt|300kt,18000ft,WEHHA,16000ft|18000ft,90kt|230kt,16000ft;false;;;;;;;LastLegLongestPath;Converted;false;TryVerticalFirst;;false,,,,,,,,,,,,,,,,,,,,,,,,,,,,,,,,
VTBD.03R.WEHA1B.PASTO;true;;;;;;;;;VTBD.03R.WEHA1B.RW03B,None,,,,,,None,,,,,,,FALSE,BeginToEnd,,false;PASTO,18000ft|20000ft,90kt|300kt,18000ft,WEHHA,16000ft|18000ft,90kt|230kt,16000ft;false;;;;;;;LastLegLongestPath;Converted;false;TryVerticalFirst;;false,,,,,,,,,,,,,,,,,,,,,,,,,,,,,,,,
VTBD.03R.WEHA1B.TARED;true;;;;;;;;;VTBD.03R.WEHA1B.RW03B,None,,,,,,None,,,,,,,FALSE,BeginToEnd,,false;TARED,18000ft|20000ft,90kt|300kt,18000ft,WEHHA,16000ft|18000ft,90kt|230kt,16000ft;false;;;;;;;LastLegLongestPath;Converted;false;TryVerticalFirst;;false,,,,,,,,,,,,,,,,,,,,,,,,,,,,,,,,
VTBD.21L.ENDU3A.UBLOD;true;;;;;;;;;VTBD.21L.ENDU3A.RW21B,None,,,,,,None,,,,,,,FALSE,BeginToEnd,,false;UBLOD,16000ft|18000ft,90kt|280kt,16000ft,ENDUU,14000ft|16000ft,90kt|280kt,14000ft;false;;;;;;;LastLegLongestPath;Converted;false;TryVerticalFirst;;false,,,,,,,,,,,,,,,,,,,,,,,,,,,,,,,,
VTBD.21L.NAKO3A.ALBOS;true;;;;;;;;;VTBD.21L.NAKO3A.RW21B,None,,,,,,None,,,,,,,FALSE,BeginToEnd,,false;ALBOS,13000ft|15000ft,90kt|250kt,13000ft,NAKON,11000ft|13000ft,90kt|250kt,11000ft;false;;;;;;;LastLegLongestPath;Converted;false;TryVerticalFirst;;false,,,,,,,,,,,,,,,,,,,,,,,,,,,,,,,,
VTBD.21L.NAKO3A.NOBER;true;;;;;;;;;VTBD.21L.NAKO3A.RW21B,None,,,,,,None,,,,,,,FALSE,BeginToEnd,,false;NOBER,13000ft|15000ft,90kt|250kt,13000ft,NAKON,11000ft|13000ft,90kt|250kt,11000ft;false;;;;;;;LastLegLongestPath;Converted;false;TryVerticalFirst;;false,,,,,,,,,,,,,,,,,,,,,,,,,,,,,,,,
VTBD.21L.NAKO3A.SEMBO;true;;;;;;;;;VTBD.21L.NAKO3A.RW21B,None,,,,,,None,,,,,,,FALSE,BeginToEnd,,false;SEMBO,13000ft|15000ft,90kt|250kt,13000ft,NAKON,11000ft|13000ft,90kt|250kt,11000ft;false;;;;;;;LastLegLongestPath;Converted;false;TryVerticalFirst;;false,,,,,,,,,,,,,,,,,,,,,,,,,,,,,,,,
VTBD.21L.NAKO3A.TL;true;;;;;;;;;VTBD.21L.NAKO3A.RW21B,None,,,,,,None,,,,,,,FALSE,BeginToEnd,,false;TL,13000ft|15000ft,90kt|250kt,13000ft,NAKON,11000ft|13000ft,90kt|250kt,11000ft;false;;;;;;;LastLegLongestPath;Converted;false;TryVerticalFirst;;false,,,,,,,,,,,,,,,,,,,,,,,,,,,,,,,,
VTBD.21L.SABA3A.BUT;true;;;;;;;;;VTBD.21L.SABA3A.RW21B,None,,,,,,None,,,,,,,FALSE,BeginToEnd,,false;BUT,22000ft|24000ft,90kt|280kt,22000ft,SABAI,20000ft|22000ft,90kt|280kt,20000ft;false;;;;;;;LastLegLongestPath;Converted;false;TryVerticalFirst;;false,,,,,,,,,,,,,,,,,,,,,,,,,,,,,,,,
VTBD.21L.SABA3A.GUTSO;true;;;;;;;;;VTBD.21L.SABA3A.RW21B,None,,,,,,None,,,,,,,FALSE,BeginToEnd,,false;GUTSO,22000ft|24000ft,90kt|280kt,22000ft,SABAI,20000ft|22000ft,90kt|280kt,20000ft;false;;;;;;;LastLegLongestPath;Converted;false;TryVerticalFirst;;false,,,,,,,,,,,,,,,,,,,,,,,,,,,,,,,,
VTBD.21L.SABA3A.HOTEL;true;;;;;;;;;VTBD.21L.SABA3A.RW21B,None,,,,,,None,,,,,,,FALSE,BeginToEnd,,false;HOTEL,22000ft|24000ft,90kt|280kt,22000ft,SABAI,20000ft|22000ft,90kt|280kt,20000ft;false;;;;;;;LastLegLongestPath;Converted;false;TryVerticalFirst;;false,,,,,,,,,,,,,,,,,,,,,,,,,,,,,,,,
VTBD.21L.SABA3A.SURMA;true;;;;;;;;;VTBD.21L.SABA3A.RW21B,None,,,,,,None,,,,,,,FALSE,BeginToEnd,,false;SURMA,22000ft|24000ft,90kt|280kt,22000ft,SABAI,20000ft|22000ft,90kt|280kt,20000ft;false;;;;;;;LastLegLongestPath;Converted;false;TryVerticalFirst;;false,,,,,,,,,,,,,,,,,,,,,,,,,,,,,,,,
VTBD.21L.SEHN3A.ALEMI;true;;;;;;;;;VTBD.21L.SEHN3A.RW21B,None,,,,,,None,,,,,,,FALSE,BeginToEnd,,false;ALEMI,22000ft|24000ft,90kt|280kt,22000ft,SEHNA,20000ft|22000ft,90kt|280kt,20000ft;false;;;;;;;LastLegLongestPath;Converted;false;TryVerticalFirst;;false,,,,,,,,,,,,,,,,,,,,,,,,,,,,,,,,
VTBD.21L.SEHN3A.ANREN;true;;;;;;;;;VTBD.21L.SEHN3A.RW21B,None,,,,,,None,,,,,,,FALSE,BeginToEnd,,false;ANREN,22000ft|24000ft,90kt|280kt,22000ft,SEHNA,20000ft|22000ft,90kt|280kt,20000ft;false;;;;;;;LastLegLongestPath;Converted;false;TryVerticalFirst;;false,,,,,,,,,,,,,,,,,,,,,,,,,,,,,,,,
VTBD.21L.SEHN3A.DULEM;true;;;;;;;;;VTBD.21L.SEHN3A.RW21B,None,,,,,,None,,,,,,,FALSE,BeginToEnd,,false;DULEM,22000ft|24000ft,90kt|280kt,22000ft,SEHNA,20000ft|22000ft,90kt|280kt,20000ft;false;;;;;;;LastLegLongestPath;Converted;false;TryVerticalFirst;;false,,,,,,,,,,,,,,,,,,,,,,,,,,,,,,,,
VTBD.21L.SEHN3A.GOMES;true;;;;;;;;;VTBD.21L.SEHN3A.RW21B,None,,,,,,None,,,,,,,FALSE,BeginToEnd,,false;GOMES,22000ft|24000ft,90kt|280kt,22000ft,SEHNA,20000ft|22000ft,90kt|280kt,20000ft;false;;;;;;;LastLegLongestPath;Converted;false;TryVerticalFirst;;false,,,,,,,,,,,,,,,,,,,,,,,,,,,,,,,,
VTBD.21L.SEHN3A.NUGPA;true;;;;;;;;;VTBD.21L.SEHN3A.RW21B,None,,,,,,None,,,,,,,FALSE,BeginToEnd,,false;NUGPA,22000ft|24000ft,90kt|280kt,22000ft,SEHNA,20000ft|22000ft,90kt|280kt,20000ft;false;;;;;;;LastLegLongestPath;Converted;false;TryVerticalFirst;;false,,,,,,,,,,,,,,,,,,,,,,,,,,,,,,,,
VTBD.21L.SEHN3A.RYN;true;;;;;;;;;VTBD.21L.SEHN3A.RW21B,None,,,,,,None,,,,,,,FALSE,BeginToEnd,,false;RYN,22000ft|24000ft,90kt|280kt,22000ft,SEHNA,20000ft|22000ft,90kt|280kt,20000ft;false;;;;;;;LastLegLongestPath;Converted;false;TryVerticalFirst;;false,,,,,,,,,,,,,,,,,,,,,,,,,,,,,,,,
VTBD.21L.WEHA3A.BONVO;true;;;;;;;;;VTBD.21L.WEHA3A.RW21B,None,,,,,,None,,,,,,,FALSE,BeginToEnd,,false;BONVO,9000ft|11000ft,90kt|250kt,9000ft,WEHHA,7000ft|9000ft,90kt|250kt,7000ft;false;;;;;;;LastLegLongestPath;Converted;false;TryVerticalFirst;;false,,,,,,,,,,,,,,,,,,,,,,,,,,,,,,,,
VTBD.21L.WEHA3A.IBETO;true;;;;;;;;;VTBD.21L.WEHA3A.RW21B,None,,,,,,None,,,,,,,FALSE,BeginToEnd,,false;IBETO,9000ft|11000ft,90kt|250kt,9000ft,WEHHA,7000ft|9000ft,90kt|250kt,7000ft;false;;;;;;;LastLegLongestPath;Converted;false;TryVerticalFirst;;false,,,,,,,,,,,,,,,,,,,,,,,,,,,,,,,,
VTBD.21L.WEHA3A.IGONI;true;;;;;;;;;VTBD.21L.WEHA3A.RW21B,None,,,,,,None,,,,,,,FALSE,BeginToEnd,,false;IGONI,9000ft|11000ft,90kt|250kt,9000ft,WEHHA,7000ft|9000ft,90kt|250kt,7000ft;false;;;;;;;LastLegLongestPath;Converted;false;TryVerticalFirst;;false,,,,,,,,,,,,,,,,,,,,,,,,,,,,,,,,
VTBD.21L.WEHA3A.PASTO;true;;;;;;;;;VTBD.21L.WEHA3A.RW21B,None,,,,,,None,,,,,,,FALSE,BeginToEnd,,false;PASTO,9000ft|11000ft,90kt|250kt,9000ft,WEHHA,7000ft|9000ft,90kt|250kt,7000ft;false;;;;;;;LastLegLongestPath;Converted;false;TryVerticalFirst;;false,,,,,,,,,,,,,,,,,,,,,,,,,,,,,,,,
VTBD.21L.WEHA3A.TARED;true;;;;;;;;;VTBD.21L.WEHA3A.RW21B,None,,,,,,None,,,,,,,FALSE,BeginToEnd,,false;TARED,9000ft|11000ft,90kt|250kt,9000ft,WEHHA,7000ft|9000ft,90kt|250kt,7000ft;false;;;;;;;LastLegLongestPath;Converted;false;TryVerticalFirst;;false,,,,,,,,,,,,,,,,,,,,,,,,,,,,,,,,
VTBD.21R.ENDU3A.UBLOD;true;;;;;;;;;VTBD.21R.ENDU3A.RW21B,None,,,,,,None,,,,,,,FALSE,BeginToEnd,,false;UBLOD,16000ft|18000ft,90kt|280kt,16000ft,ENDUU,14000ft|16000ft,90kt|280kt,14000ft;false;;;;;;;LastLegLongestPath;Converted;false;TryVerticalFirst;;false,,,,,,,,,,,,,,,,,,,,,,,,,,,,,,,,
VTBD.21R.NAKO3A.ALBOS;true;;;;;;;;;VTBD.21R.NAKO3A.RW21B,None,,,,,,None,,,,,,,FALSE,BeginToEnd,,false;ALBOS,13000ft|15000ft,90kt|250kt,13000ft,NAKON,11000ft|13000ft,90kt|250kt,11000ft;false;;;;;;;LastLegLongestPath;Converted;false;TryVerticalFirst;;false,,,,,,,,,,,,,,,,,,,,,,,,,,,,,,,,
VTBD.21R.NAKO3A.NOBER;true;;;;;;;;;VTBD.21R.NAKO3A.RW21B,None,,,,,,None,,,,,,,FALSE,BeginToEnd,,false;NOBER,13000ft|15000ft,90kt|250kt,13000ft,NAKON,11000ft|13000ft,90kt|250kt,11000ft;false;;;;;;;LastLegLongestPath;Converted;false;TryVerticalFirst;;false,,,,,,,,,,,,,,,,,,,,,,,,,,,,,,,,
VTBD.21R.NAKO3A.SEMBO;true;;;;;;;;;VTBD.21R.NAKO3A.RW21B,None,,,,,,None,,,,,,,FALSE,BeginToEnd,,false;SEMBO,13000ft|15000ft,90kt|250kt,13000ft,NAKON,11000ft|13000ft,90kt|250kt,11000ft;false;;;;;;;LastLegLongestPath;Converted;false;TryVerticalFirst;;false,,,,,,,,,,,,,,,,,,,,,,,,,,,,,,,,
VTBD.21R.NAKO3A.TL;true;;;;;;;;;VTBD.21R.NAKO3A.RW21B,None,,,,,,None,,,,,,,FALSE,BeginToEnd,,false;TL,13000ft|15000ft,90kt|250kt,13000ft,NAKON,11000ft|13000ft,90kt|250kt,11000ft;false;;;;;;;LastLegLongestPath;Converted;false;TryVerticalFirst;;false,,,,,,,,,,,,,,,,,,,,,,,,,,,,,,,,
VTBD.21R.SABA3A.BUT;true;;;;;;;;;VTBD.21R.SABA3A.RW21B,None,,,,,,None,,,,,,,FALSE,BeginToEnd,,false;BUT,22000ft|24000ft,90kt|280kt,22000ft,SABAI,20000ft|22000ft,90kt|280kt,20000ft;false;;;;;;;LastLegLongestPath;Converted;false;TryVerticalFirst;;false,,,,,,,,,,,,,,,,,,,,,,,,,,,,,,,,
VTBD.21R.SABA3A.GUTSO;true;;;;;;;;;VTBD.21R.SABA3A.RW21B,None,,,,,,None,,,,,,,FALSE,BeginToEnd,,false;GUTSO,22000ft|24000ft,90kt|280kt,22000ft,SABAI,20000ft|22000ft,90kt|280kt,20000ft;false;;;;;;;LastLegLongestPath;Converted;false;TryVerticalFirst;;false,,,,,,,,,,,,,,,,,,,,,,,,,,,,,,,,
VTBD.21R.SABA3A.HOTEL;true;;;;;;;;;VTBD.21R.SABA3A.RW21B,None,,,,,,None,,,,,,,FALSE,BeginToEnd,,false;HOTEL,22000ft|24000ft,90kt|280kt,22000ft,SABAI,20000ft|22000ft,90kt|280kt,20000ft;false;;;;;;;LastLegLongestPath;Converted;false;TryVerticalFirst;;false,,,,,,,,,,,,,,,,,,,,,,,,,,,,,,,,
VTBD.21R.SABA3A.SURMA;true;;;;;;;;;VTBD.21R.SABA3A.RW21B,None,,,,,,None,,,,,,,FALSE,BeginToEnd,,false;SURMA,22000ft|24000ft,90kt|280kt,22000ft,SABAI,20000ft|22000ft,90kt|280kt,20000ft;false;;;;;;;LastLegLongestPath;Converted;false;TryVerticalFirst;;false,,,,,,,,,,,,,,,,,,,,,,,,,,,,,,,,
VTBD.21R.SEHN3A.ALEMI;true;;;;;;;;;VTBD.21R.SEHN3A.RW21B,None,,,,,,None,,,,,,,FALSE,BeginToEnd,,false;ALEMI,22000ft|24000ft,90kt|280kt,22000ft,SEHNA,20000ft|22000ft,90kt|280kt,20000ft;false;;;;;;;LastLegLongestPath;Converted;false;TryVerticalFirst;;false,,,,,,,,,,,,,,,,,,,,,,,,,,,,,,,,
VTBD.21R.SEHN3A.ANREN;true;;;;;;;;;VTBD.21R.SEHN3A.RW21B,None,,,,,,None,,,,,,,FALSE,BeginToEnd,,false;ANREN,22000ft|24000ft,90kt|280kt,22000ft,SEHNA,20000ft|22000ft,90kt|280kt,20000ft;false;;;;;;;LastLegLongestPath;Converted;false;TryVerticalFirst;;false,,,,,,,,,,,,,,,,,,,,,,,,,,,,,,,,
VTBD.21R.SEHN3A.DULEM;true;;;;;;;;;VTBD.21R.SEHN3A.RW21B,None,,,,,,None,,,,,,,FALSE,BeginToEnd,,false;DULEM,22000ft|24000ft,90kt|280kt,22000ft,SEHNA,20000ft|22000ft,90kt|280kt,20000ft;false;;;;;;;LastLegLongestPath;Converted;false;TryVerticalFirst;;false,,,,,,,,,,,,,,,,,,,,,,,,,,,,,,,,
VTBD.21R.SEHN3A.GOMES;true;;;;;;;;;VTBD.21R.SEHN3A.RW21B,None,,,,,,None,,,,,,,FALSE,BeginToEnd,,false;GOMES,22000ft|24000ft,90kt|280kt,22000ft,SEHNA,20000ft|22000ft,90kt|280kt,20000ft;false;;;;;;;LastLegLongestPath;Converted;false;TryVerticalFirst;;false,,,,,,,,,,,,,,,,,,,,,,,,,,,,,,,,
VTBD.21R.SEHN3A.NUGPA;true;;;;;;;;;VTBD.21R.SEHN3A.RW21B,None,,,,,,None,,,,,,,FALSE,BeginToEnd,,false;NUGPA,22000ft|24000ft,90kt|280kt,22000ft,SEHNA,20000ft|22000ft,90kt|280kt,20000ft;false;;;;;;;LastLegLongestPath;Converted;false;TryVerticalFirst;;false,,,,,,,,,,,,,,,,,,,,,,,,,,,,,,,,
VTBD.21R.SEHN3A.RYN;true;;;;;;;;;VTBD.21R.SEHN3A.RW21B,None,,,,,,None,,,,,,,FALSE,BeginToEnd,,false;RYN,22000ft|24000ft,90kt|280kt,22000ft,SEHNA,20000ft|22000ft,90kt|280kt,20000ft;false;;;;;;;LastLegLongestPath;Converted;false;TryVerticalFirst;;false,,,,,,,,,,,,,,,,,,,,,,,,,,,,,,,,
VTBD.21R.WEHA3A.BONVO;true;;;;;;;;;VTBD.21R.WEHA3A.RW21B,None,,,,,,None,,,,,,,FALSE,BeginToEnd,,false;BONVO,9000ft|11000ft,90kt|250kt,9000ft,WEHHA,7000ft|9000ft,90kt|250kt,7000ft;false;;;;;;;LastLegLongestPath;Converted;false;TryVerticalFirst;;false,,,,,,,,,,,,,,,,,,,,,,,,,,,,,,,,
VTBD.21R.WEHA3A.IBETO;true;;;;;;;;;VTBD.21R.WEHA3A.RW21B,None,,,,,,None,,,,,,,FALSE,BeginToEnd,,false;IBETO,9000ft|11000ft,90kt|250kt,9000ft,WEHHA,7000ft|9000ft,90kt|250kt,7000ft;false;;;;;;;LastLegLongestPath;Converted;false;TryVerticalFirst;;false,,,,,,,,,,,,,,,,,,,,,,,,,,,,,,,,
VTBD.21R.WEHA3A.IGONI;true;;;;;;;;;VTBD.21R.WEHA3A.RW21B,None,,,,,,None,,,,,,,FALSE,BeginToEnd,,false;IGONI,9000ft|11000ft,90kt|250kt,9000ft,WEHHA,7000ft|9000ft,90kt|250kt,7000ft;false;;;;;;;LastLegLongestPath;Converted;false;TryVerticalFirst;;false,,,,,,,,,,,,,,,,,,,,,,,,,,,,,,,,
VTBD.21R.WEHA3A.PASTO;true;;;;;;;;;VTBD.21R.WEHA3A.RW21B,None,,,,,,None,,,,,,,FALSE,BeginToEnd,,false;PASTO,9000ft|11000ft,90kt|250kt,9000ft,WEHHA,7000ft|9000ft,90kt|250kt,7000ft;false;;;;;;;LastLegLongestPath;Converted;false;TryVerticalFirst;;false,,,,,,,,,,,,,,,,,,,,,,,,,,,,,,,,
VTBD.21R.WEHA3A.TARED;true;;;;;;;;;VTBD.21R.WEHA3A.RW21B,None,,,,,,None,,,,,,,FALSE,BeginToEnd,,false;TARED,9000ft|11000ft,90kt|250kt,9000ft,WEHHA,7000ft|9000ft,90kt|250kt,7000ft;false;;;;;;;LastLegLongestPath;Converted;false;TryVerticalFirst;;false,,,,,,,,,,,,,,,,,,,,,,,,,,,,,,,,
VTBS.01L.DOLN3D.ALEMI;true;;;;;;;;;VTBS.01L.DOLN3D.RW01B,None,,,,,,None,,,,,,,FALSE,BeginToEnd,,false;ALEMI,18000ft|20000ft,90kt|280kt,18000ft,DOLNI,16000ft|18000ft,90kt|280kt,16000ft;false;;;;;;;LastLegLongestPath;Converted;false;TryVerticalFirst;;false,,,,,,,,,,,,,,,,,,,,,,,,,,,,,,,,
VTBS.01L.DOLN3D.ANREN;true;;;;;;;;;VTBS.01L.DOLN3D.RW01B,None,,,,,,None,,,,,,,FALSE,BeginToEnd,,false;ANREN,18000ft|20000ft,90kt|280kt,18000ft,DOLNI,16000ft|18000ft,90kt|280kt,16000ft;false;;;;;;;LastLegLongestPath;Converted;false;TryVerticalFirst;;false,,,,,,,,,,,,,,,,,,,,,,,,,,,,,,,,
VTBS.01L.DOLN3D.BUT;true;;;;;;;;;VTBS.01L.DOLN3D.RW01B,None,,,,,,None,,,,,,,FALSE,BeginToEnd,,false;BUT,18000ft|20000ft,90kt|280kt,18000ft,DOLNI,16000ft|18000ft,90kt|280kt,16000ft;false;;;;;;;LastLegLongestPath;Converted;false;TryVerticalFirst;;false,,,,,,,,,,,,,,,,,,,,,,,,,,,,,,,,
VTBS.01L.DOLN3D.DULEM;true;;;;;;;;;VTBS.01L.DOLN3D.RW01B,None,,,,,,None,,,,,,,FALSE,BeginToEnd,,false;DULEM,18000ft|20000ft,90kt|280kt,18000ft,DOLNI,16000ft|18000ft,90kt|280kt,16000ft;false;;;;;;;LastLegLongestPath;Converted;false;TryVerticalFirst;;false,,,,,,,,,,,,,,,,,,,,,,,,,,,,,,,,
VTBS.01L.DOLN3D.GOMES;true;;;;;;;;;VTBS.01L.DOLN3D.RW01B,None,,,,,,None,,,,,,,FALSE,BeginToEnd,,false;GOMES,18000ft|20000ft,90kt|280kt,18000ft,DOLNI,16000ft|18000ft,90kt|280kt,16000ft;false;;;;;;;LastLegLongestPath;Converted;false;TryVerticalFirst;;false,,,,,,,,,,,,,,,,,,,,,,,,,,,,,,,,
VTBS.01L.DOLN3D.NUGPA;true;;;;;;;;;VTBS.01L.DOLN3D.RW01B,None,,,,,,None,,,,,,,FALSE,BeginToEnd,,false;NUGPA,18000ft|20000ft,90kt|280kt,18000ft,DOLNI,16000ft|18000ft,90kt|280kt,16000ft;false;;;;;;;LastLegLongestPath;Converted;false;TryVerticalFirst;;false,,,,,,,,,,,,,,,,,,,,,,,,,,,,,,,,
VTBS.01L.DOLN3D.RYN;true;;;;;;;;;VTBS.01L.DOLN3D.RW01B,None,,,,,,None,,,,,,,FALSE,BeginToEnd,,false;RYN,18000ft|20000ft,90kt|280kt,18000ft,DOLNI,16000ft|18000ft,90kt|280kt,16000ft;false;;;;;;;LastLegLongestPath;Converted;false;TryVerticalFirst;;false,,,,,,,,,,,,,,,,,,,,,,,,,,,,,,,,
VTBS.01L.EAST3D.RUKSA;true;;;;;;;;;VTBS.01L.EAST3D.RW01B,None,,,,,,None,,,,,,,FALSE,BeginToEnd,,false;RUKSA,18000ft|20000ft,90kt|280kt,18000ft,EASTE,16000ft|18000ft,90kt|280kt,16000ft;false;;;;;;;LastLegLongestPath;Converted;false;TryVerticalFirst;;false,,,,,,,,,,,,,,,,,,,,,,,,,,,,,,,,
VTBS.01L.EAST3D.UBLOD;true;;;;;;;;;VTBS.01L.EAST3D.RW01B,None,,,,,,None,,,,,,,FALSE,BeginToEnd,,false;UBLOD,18000ft|20000ft,90kt|280kt,18000ft,EASTE,16000ft|18000ft,90kt|280kt,16000ft;false;;;;;;;LastLegLongestPath;Converted;false;TryVerticalFirst;;false,,,,,,,,,,,,,,,,,,,,,,,,,,,,,,,,
VTBS.01L.LEBI3D.GUTSO;true;;;;;;;;;VTBS.01L.LEBI3D.RW01B,None,,,,,,None,,,,,,,FALSE,BeginToEnd,,false;GUTSO,18000ft|20000ft,90kt|280kt,18000ft,LEBIM,16000ft|18000ft,90kt|280kt,16000ft;false;;;;;;;LastLegLongestPath;Converted;false;TryVerticalFirst;;false,,,,,,,,,,,,,,,,,,,,,,,,,,,,,,,,
VTBS.01L.LEBI3D.HOTEL;true;;;;;;;;;VTBS.01L.LEBI3D.RW01B,None,,,,,,None,,,,,,,FALSE,BeginToEnd,,false;HOTEL,18000ft|20000ft,90kt|280kt,18000ft,LEBIM,16000ft|18000ft,90kt|280kt,16000ft;false;;;;;;;LastLegLongestPath;Converted;false;TryVerticalFirst;;false,,,,,,,,,,,,,,,,,,,,,,,,,,,,,,,,
VTBS.01L.LEBI3D.SURMA;true;;;;;;;;;VTBS.01L.LEBI3D.RW01B,None,,,,,,None,,,,,,,FALSE,BeginToEnd,,false;SURMA,18000ft|20000ft,90kt|280kt,18000ft,LEBIM,16000ft|18000ft,90kt|280kt,16000ft;false;;;;;;;LastLegLongestPath;Converted;false;TryVerticalFirst;;false,,,,,,,,,,,,,,,,,,,,,,,,,,,,,,,,
VTBS.01L.NORT3D.ALBOS;true;;;;;;;;;VTBS.01L.NORT3D.RW01B,None,,,,,,None,,,,,,,FALSE,BeginToEnd,,false;ALBOS,22000ft|24000ft,90kt|280kt,22000ft,NORTA,20000ft|22000ft,90kt|280kt,20000ft;false;;;;;;;LastLegLongestPath;Converted;false;TryVerticalFirst;;false,,,,,,,,,,,,,,,,,,,,,,,,,,,,,,,,
VTBS.01L.NORT3D.NOBER;true;;;;;;;;;VTBS.01L.NORT3D.RW01B,None,,,,,,None,,,,,,,FALSE,BeginToEnd,,false;NOBER,22000ft|24000ft,90kt|280kt,22000ft,NORTA,20000ft|22000ft,90kt|280kt,20000ft;false;;;;;;;LastLegLongestPath;Converted;false;TryVerticalFirst;;false,,,,,,,,,,,,,,,,,,,,,,,,,,,,,,,,
VTBS.01L.NORT3D.SEMBO;true;;;;;;;;;VTBS.01L.NORT3D.RW01B,None,,,,,,None,,,,,,,FALSE,BeginToEnd,,false;SEMBO,22000ft|24000ft,90kt|280kt,22000ft,NORTA,20000ft|22000ft,90kt|280kt,20000ft;false;;;;;;;LastLegLongestPath;Converted;false;TryVerticalFirst;;false,,,,,,,,,,,,,,,,,,,,,,,,,,,,,,,,
VTBS.01L.NORT3D.TL;true;;;;;;;;;VTBS.01L.NORT3D.RW01B,None,,,,,,None,,,,,,,FALSE,BeginToEnd,,false;TL,22000ft|24000ft,90kt|280kt,22000ft,NORTA,20000ft|22000ft,90kt|280kt,20000ft;false;;;;;;;LastLegLongestPath;Converted;false;TryVerticalFirst;;false,,,,,,,,,,,,,,,,,,,,,,,,,,,,,,,,
VTBS.01L.WILA3D.BONVO;true;;;;;;;;;VTBS.01L.WILA3D.RW01B,None,,,,,,None,,,,,,,FALSE,BeginToEnd,,false;BONVO,22000ft|24000ft,90kt|280kt,22000ft,WILLA,20000ft|22000ft,90kt|280kt,20000ft;false;;;;;;;LastLegLongestPath;Converted;false;TryVerticalFirst;;false,,,,,,,,,,,,,,,,,,,,,,,,,,,,,,,,
VTBS.01L.WILA3D.IBETO;true;;;;;;;;;VTBS.01L.WILA3D.RW01B,None,,,,,,None,,,,,,,FALSE,BeginToEnd,,false;IBETO,22000ft|24000ft,90kt|280kt,22000ft,WILLA,20000ft|22000ft,90kt|280kt,20000ft;false;;;;;;;LastLegLongestPath;Converted;false;TryVerticalFirst;;false,,,,,,,,,,,,,,,,,,,,,,,,,,,,,,,,
VTBS.01L.WILA3D.IGONI;true;;;;;;;;;VTBS.01L.WILA3D.RW01B,None,,,,,,None,,,,,,,FALSE,BeginToEnd,,false;IGONI,22000ft|24000ft,90kt|280kt,22000ft,WILLA,20000ft|22000ft,90kt|280kt,20000ft;false;;;;;;;LastLegLongestPath;Converted;false;TryVerticalFirst;;false,,,,,,,,,,,,,,,,,,,,,,,,,,,,,,,,
VTBS.01L.WILA3D.PASTO;true;;;;;;;;;VTBS.01L.WILA3D.RW01B,None,,,,,,None,,,,,,,FALSE,BeginToEnd,,false;PASTO,22000ft|24000ft,90kt|280kt,22000ft,WILLA,20000ft|22000ft,90kt|280kt,20000ft;false;;;;;;;LastLegLongestPath;Converted;false;TryVerticalFirst;;false,,,,,,,,,,,,,,,,,,,,,,,,,,,,,,,,
VTBS.01L.WILA3D.TARED;true;;;;;;;;;VTBS.01L.WILA3D.RW01B,None,,,,,,None,,,,,,,FALSE,BeginToEnd,,false;TARED,22000ft|24000ft,90kt|280kt,22000ft,WILLA,20000ft|22000ft,90kt|280kt,20000ft;false;;;;;;;LastLegLongestPath;Converted;false;TryVerticalFirst;;false,,,,,,,,,,,,,,,,,,,,,,,,,,,,,,,,
VTBS.01R.DOLN3D.ALEMI;true;;;;;;;;;VTBS.01R.DOLN3D.RW01B,None,,,,,,None,,,,,,,FALSE,BeginToEnd,,false;ALEMI,18000ft|20000ft,90kt|280kt,18000ft,DOLNI,16000ft|18000ft,90kt|280kt,16000ft;false;;;;;;;LastLegLongestPath;Converted;false;TryVerticalFirst;;false,,,,,,,,,,,,,,,,,,,,,,,,,,,,,,,,
VTBS.01R.DOLN3D.ANREN;true;;;;;;;;;VTBS.01R.DOLN3D.RW01B,None,,,,,,None,,,,,,,FALSE,BeginToEnd,,false;ANREN,18000ft|20000ft,90kt|280kt,18000ft,DOLNI,16000ft|18000ft,90kt|280kt,16000ft;false;;;;;;;LastLegLongestPath;Converted;false;TryVerticalFirst;;false,,,,,,,,,,,,,,,,,,,,,,,,,,,,,,,,
VTBS.01R.DOLN3D.BUT;true;;;;;;;;;VTBS.01R.DOLN3D.RW01B,None,,,,,,None,,,,,,,FALSE,BeginToEnd,,false;BUT,18000ft|20000ft,90kt|280kt,18000ft,DOLNI,16000ft|18000ft,90kt|280kt,16000ft;false;;;;;;;LastLegLongestPath;Converted;false;TryVerticalFirst;;false,,,,,,,,,,,,,,,,,,,,,,,,,,,,,,,,
VTBS.01R.DOLN3D.DULEM;true;;;;;;;;;VTBS.01R.DOLN3D.RW01B,None,,,,,,None,,,,,,,FALSE,BeginToEnd,,false;DULEM,18000ft|20000ft,90kt|280kt,18000ft,DOLNI,16000ft|18000ft,90kt|280kt,16000ft;false;;;;;;;LastLegLongestPath;Converted;false;TryVerticalFirst;;false,,,,,,,,,,,,,,,,,,,,,,,,,,,,,,,,
VTBS.01R.DOLN3D.GOMES;true;;;;;;;;;VTBS.01R.DOLN3D.RW01B,None,,,,,,None,,,,,,,FALSE,BeginToEnd,,false;GOMES,18000ft|20000ft,90kt|280kt,18000ft,DOLNI,16000ft|18000ft,90kt|280kt,16000ft;false;;;;;;;LastLegLongestPath;Converted;false;TryVerticalFirst;;false,,,,,,,,,,,,,,,,,,,,,,,,,,,,,,,,
VTBS.01R.DOLN3D.NUGPA;true;;;;;;;;;VTBS.01R.DOLN3D.RW01B,None,,,,,,None,,,,,,,FALSE,BeginToEnd,,false;NUGPA,18000ft|20000ft,90kt|280kt,18000ft,DOLNI,16000ft|18000ft,90kt|280kt,16000ft;false;;;;;;;LastLegLongestPath;Converted;false;TryVerticalFirst;;false,,,,,,,,,,,,,,,,,,,,,,,,,,,,,,,,
VTBS.01R.DOLN3D.RYN;true;;;;;;;;;VTBS.01R.DOLN3D.RW01B,None,,,,,,None,,,,,,,FALSE,BeginToEnd,,false;RYN,18000ft|20000ft,90kt|280kt,18000ft,DOLNI,16000ft|18000ft,90kt|280kt,16000ft;false;;;;;;;LastLegLongestPath;Converted;false;TryVerticalFirst;;false,,,,,,,,,,,,,,,,,,,,,,,,,,,,,,,,
VTBS.01R.EAST3D.RUKSA;true;;;;;;;;;VTBS.01R.EAST3D.RW01B,None,,,,,,None,,,,,,,FALSE,BeginToEnd,,false;RUKSA,18000ft|20000ft,90kt|280kt,18000ft,EASTE,16000ft|18000ft,90kt|280kt,16000ft;false;;;;;;;LastLegLongestPath;Converted;false;TryVerticalFirst;;false,,,,,,,,,,,,,,,,,,,,,,,,,,,,,,,,
VTBS.01R.EAST3D.UBLOD;true;;;;;;;;;VTBS.01R.EAST3D.RW01B,None,,,,,,None,,,,,,,FALSE,BeginToEnd,,false;UBLOD,18000ft|20000ft,90kt|280kt,18000ft,EASTE,16000ft|18000ft,90kt|280kt,16000ft;false;;;;;;;LastLegLongestPath;Converted;false;TryVerticalFirst;;false,,,,,,,,,,,,,,,,,,,,,,,,,,,,,,,,
VTBS.01R.LEBI3D.GUTSO;true;;;;;;;;;VTBS.01R.LEBI3D.RW01B,None,,,,,,None,,,,,,,FALSE,BeginToEnd,,false;GUTSO,18000ft|20000ft,90kt|280kt,18000ft,LEBIM,16000ft|18000ft,90kt|280kt,16000ft;false;;;;;;;LastLegLongestPath;Converted;false;TryVerticalFirst;;false,,,,,,,,,,,,,,,,,,,,,,,,,,,,,,,,
VTBS.01R.LEBI3D.HOTEL;true;;;;;;;;;VTBS.01R.LEBI3D.RW01B,None,,,,,,None,,,,,,,FALSE,BeginToEnd,,false;HOTEL,18000ft|20000ft,90kt|280kt,18000ft,LEBIM,16000ft|18000ft,90kt|280kt,16000ft;false;;;;;;;LastLegLongestPath;Converted;false;TryVerticalFirst;;false,,,,,,,,,,,,,,,,,,,,,,,,,,,,,,,,
VTBS.01R.LEBI3D.SURMA;true;;;;;;;;;VTBS.01R.LEBI3D.RW01B,None,,,,,,None,,,,,,,FALSE,BeginToEnd,,false;SURMA,18000ft|20000ft,90kt|280kt,18000ft,LEBIM,16000ft|18000ft,90kt|280kt,16000ft;false;;;;;;;LastLegLongestPath;Converted;false;TryVerticalFirst;;false,,,,,,,,,,,,,,,,,,,,,,,,,,,,,,,,
VTBS.01R.NORT3D.ALBOS;true;;;;;;;;;VTBS.01R.NORT3D.RW01B,None,,,,,,None,,,,,,,FALSE,BeginToEnd,,false;ALBOS,22000ft|24000ft,90kt|280kt,22000ft,NORTA,20000ft|22000ft,90kt|280kt,20000ft;false;;;;;;;LastLegLongestPath;Converted;false;TryVerticalFirst;;false,,,,,,,,,,,,,,,,,,,,,,,,,,,,,,,,
VTBS.01R.NORT3D.NOBER;true;;;;;;;;;VTBS.01R.NORT3D.RW01B,None,,,,,,None,,,,,,,FALSE,BeginToEnd,,false;NOBER,22000ft|24000ft,90kt|280kt,22000ft,NORTA,20000ft|22000ft,90kt|280kt,20000ft;false;;;;;;;LastLegLongestPath;Converted;false;TryVerticalFirst;;false,,,,,,,,,,,,,,,,,,,,,,,,,,,,,,,,
VTBS.01R.NORT3D.SEMBO;true;;;;;;;;;VTBS.01R.NORT3D.RW01B,None,,,,,,None,,,,,,,FALSE,BeginToEnd,,false;SEMBO,22000ft|24000ft,90kt|280kt,22000ft,NORTA,20000ft|22000ft,90kt|280kt,20000ft;false;;;;;;;LastLegLongestPath;Converted;false;TryVerticalFirst;;false,,,,,,,,,,,,,,,,,,,,,,,,,,,,,,,,
VTBS.01R.NORT3D.TL;true;;;;;;;;;VTBS.01R.NORT3D.RW01B,None,,,,,,None,,,,,,,FALSE,BeginToEnd,,false;TL,22000ft|24000ft,90kt|280kt,22000ft,NORTA,20000ft|22000ft,90kt|280kt,20000ft;false;;;;;;;LastLegLongestPath;Converted;false;TryVerticalFirst;;false,,,,,,,,,,,,,,,,,,,,,,,,,,,,,,,,
VTBS.01R.WILA3D.BONVO;true;;;;;;;;;VTBS.01R.WILA3D.RW01B,None,,,,,,None,,,,,,,FALSE,BeginToEnd,,false;BONVO,22000ft|24000ft,90kt|280kt,22000ft,WILLA,20000ft|22000ft,90kt|280kt,20000ft;false;;;;;;;LastLegLongestPath;Converted;false;TryVerticalFirst;;false,,,,,,,,,,,,,,,,,,,,,,,,,,,,,,,,
VTBS.01R.WILA3D.IBETO;true;;;;;;;;;VTBS.01R.WILA3D.RW01B,None,,,,,,None,,,,,,,FALSE,BeginToEnd,,false;IBETO,22000ft|24000ft,90kt|280kt,22000ft,WILLA,20000ft|22000ft,90kt|280kt,20000ft;false;;;;;;;LastLegLongestPath;Converted;false;TryVerticalFirst;;false,,,,,,,,,,,,,,,,,,,,,,,,,,,,,,,,
VTBS.01R.WILA3D.IGONI;true;;;;;;;;;VTBS.01R.WILA3D.RW01B,None,,,,,,None,,,,,,,FALSE,BeginToEnd,,false;IGONI,22000ft|24000ft,90kt|280kt,22000ft,WILLA,20000ft|22000ft,90kt|280kt,20000ft;false;;;;;;;LastLegLongestPath;Converted;false;TryVerticalFirst;;false,,,,,,,,,,,,,,,,,,,,,,,,,,,,,,,,
VTBS.01R.WILA3D.PASTO;true;;;;;;;;;VTBS.01R.WILA3D.RW01B,None,,,,,,None,,,,,,,FALSE,BeginToEnd,,false;PASTO,22000ft|24000ft,90kt|280kt,22000ft,WILLA,20000ft|22000ft,90kt|280kt,20000ft;false;;;;;;;LastLegLongestPath;Converted;false;TryVerticalFirst;;false,,,,,,,,,,,,,,,,,,,,,,,,,,,,,,,,
VTBS.01R.WILA3D.TARED;true;;;;;;;;;VTBS.01R.WILA3D.RW01B,None,,,,,,None,,,,,,,FALSE,BeginToEnd,,false;TARED,22000ft|24000ft,90kt|280kt,22000ft,WILLA,20000ft|22000ft,90kt|280kt,20000ft;false;;;;;;;LastLegLongestPath;Converted;false;TryVerticalFirst;;false,,,,,,,,,,,,,,,,,,,,,,,,,,,,,,,,
VTBS.19L.DOLN3C.ALEMI;true;;;;;;;;;VTBS.19L.DOLN3C.RW19B,None,,,,,,None,,,,,,,FALSE,BeginToEnd,,false;ALEMI,18000ft|20000ft,90kt|280kt,18000ft,DOLNI,16000ft|18000ft,90kt|280kt,16000ft;false;;;;;;;LastLegLongestPath;Converted;false;TryVerticalFirst;;false,,,,,,,,,,,,,,,,,,,,,,,,,,,,,,,,
VTBS.19L.DOLN3C.ANREN;true;;;;;;;;;VTBS.19L.DOLN3C.RW19B,None,,,,,,None,,,,,,,FALSE,BeginToEnd,,false;ANREN,18000ft|20000ft,90kt|280kt,18000ft,DOLNI,16000ft|18000ft,90kt|280kt,16000ft;false;;;;;;;LastLegLongestPath;Converted;false;TryVerticalFirst;;false,,,,,,,,,,,,,,,,,,,,,,,,,,,,,,,,
VTBS.19L.DOLN3C.BUT;true;;;;;;;;;VTBS.19L.DOLN3C.RW19B,None,,,,,,None,,,,,,,FALSE,BeginToEnd,,false;BUT,18000ft|20000ft,90kt|280kt,18000ft,DOLNI,16000ft|18000ft,90kt|280kt,16000ft;false;;;;;;;LastLegLongestPath;Converted;false;TryVerticalFirst;;false,,,,,,,,,,,,,,,,,,,,,,,,,,,,,,,,
VTBS.19L.DOLN3C.DULEM;true;;;;;;;;;VTBS.19L.DOLN3C.RW19B,None,,,,,,None,,,,,,,FALSE,BeginToEnd,,false;DULEM,18000ft|20000ft,90kt|280kt,18000ft,DOLNI,16000ft|18000ft,90kt|280kt,16000ft;false;;;;;;;LastLegLongestPath;Converted;false;TryVerticalFirst;;false,,,,,,,,,,,,,,,,,,,,,,,,,,,,,,,,
VTBS.19L.DOLN3C.GOMES;true;;;;;;;;;VTBS.19L.DOLN3C.RW19B,None,,,,,,None,,,,,,,FALSE,BeginToEnd,,false;GOMES,18000ft|20000ft,90kt|280kt,18000ft,DOLNI,16000ft|18000ft,90kt|280kt,16000ft;false;;;;;;;LastLegLongestPath;Converted;false;TryVerticalFirst;;false,,,,,,,,,,,,,,,,,,,,,,,,,,,,,,,,
VTBS.19L.DOLN3C.NUGPA;true;;;;;;;;;VTBS.19L.DOLN3C.RW19B,None,,,,,,None,,,,,,,FALSE,BeginToEnd,,false;NUGPA,18000ft|20000ft,90kt|280kt,18000ft,DOLNI,16000ft|18000ft,90kt|280kt,16000ft;false;;;;;;;LastLegLongestPath;Converted;false;TryVerticalFirst;;false,,,,,,,,,,,,,,,,,,,,,,,,,,,,,,,,
VTBS.19L.DOLN3C.RYN;true;;;;;;;;;VTBS.19L.DOLN3C.RW19B,None,,,,,,None,,,,,,,FALSE,BeginToEnd,,false;RYN,18000ft|20000ft,90kt|280kt,18000ft,DOLNI,16000ft|18000ft,90kt|280kt,16000ft;false;;;;;;;LastLegLongestPath;Converted;false;TryVerticalFirst;;false,,,,,,,,,,,,,,,,,,,,,,,,,,,,,,,,
VTBS.19L.EAST3C.RUKSA;true;;;;;;;;;VTBS.19L.EAST3C.RW19B,None,,,,,,None,,,,,,,FALSE,BeginToEnd,,false;RUKSA,18000ft|20000ft,90kt|280kt,18000ft,EASTE,16000ft|18000ft,90kt|280kt,16000ft;false;;;;;;;LastLegLongestPath;Converted;false;TryVerticalFirst;;false,,,,,,,,,,,,,,,,,,,,,,,,,,,,,,,,
VTBS.19L.EAST3C.UBLOD;true;;;;;;;;;VTBS.19L.EAST3C.RW19B,None,,,,,,None,,,,,,,FALSE,BeginToEnd,,false;UBLOD,18000ft|20000ft,90kt|280kt,18000ft,EASTE,16000ft|18000ft,90kt|280kt,16000ft;false;;;;;;;LastLegLongestPath;Converted;false;TryVerticalFirst;;false,,,,,,,,,,,,,,,,,,,,,,,,,,,,,,,,
VTBS.19L.LEBI3C.GUTSO;true;;;;;;;;;VTBS.19L.LEBI3C.RW19B,None,,,,,,None,,,,,,,FALSE,BeginToEnd,,false;GUTSO,18000ft|20000ft,90kt|280kt,18000ft,LEBIM,16000ft|18000ft,90kt|280kt,16000ft;false;;;;;;;LastLegLongestPath;Converted;false;TryVerticalFirst;;false,,,,,,,,,,,,,,,,,,,,,,,,,,,,,,,,
VTBS.19L.LEBI3C.HOTEL;true;;;;;;;;;VTBS.19L.LEBI3C.RW19B,None,,,,,,None,,,,,,,FALSE,BeginToEnd,,false;HOTEL,18000ft|20000ft,90kt|280kt,18000ft,LEBIM,16000ft|18000ft,90kt|280kt,16000ft;false;;;;;;;LastLegLongestPath;Converted;false;TryVerticalFirst;;false,,,,,,,,,,,,,,,,,,,,,,,,,,,,,,,,
VTBS.19L.LEBI3C.SURMA;true;;;;;;;;;VTBS.19L.LEBI3C.RW19B,None,,,,,,None,,,,,,,FALSE,BeginToEnd,,false;SURMA,18000ft|20000ft,90kt|280kt,18000ft,LEBIM,16000ft|18000ft,90kt|280kt,16000ft;false;;;;;;;LastLegLongestPath;Converted;false;TryVerticalFirst;;false,,,,,,,,,,,,,,,,,,,,,,,,,,,,,,,,
VTBS.19L.NORT3C.ALBOS;true;;;;;;;;;VTBS.19L.NORT3C.RW19B,None,,,,,,None,,,,,,,FALSE,BeginToEnd,,false;ALBOS,18000ft|20000ft,90kt|280kt,18000ft,NORTA,16000ft|18000ft,90kt|280kt,16000ft;false;;;;;;;LastLegLongestPath;Converted;false;TryVerticalFirst;;false,,,,,,,,,,,,,,,,,,,,,,,,,,,,,,,,
VTBS.19L.NORT3C.NOBER;true;;;;;;;;;VTBS.19L.NORT3C.RW19B,None,,,,,,None,,,,,,,FALSE,BeginToEnd,,false;NOBER,18000ft|20000ft,90kt|280kt,18000ft,NORTA,16000ft|18000ft,90kt|280kt,16000ft;false;;;;;;;LastLegLongestPath;Converted;false;TryVerticalFirst;;false,,,,,,,,,,,,,,,,,,,,,,,,,,,,,,,,
VTBS.19L.NORT3C.SEMBO;true;;;;;;;;;VTBS.19L.NORT3C.RW19B,None,,,,,,None,,,,,,,FALSE,BeginToEnd,,false;SEMBO,18000ft|20000ft,90kt|280kt,18000ft,NORTA,16000ft|18000ft,90kt|280kt,16000ft;false;;;;;;;LastLegLongestPath;Converted;false;TryVerticalFirst;;false,,,,,,,,,,,,,,,,,,,,,,,,,,,,,,,,
VTBS.19L.NORT3C.TL;true;;;;;;;;;VTBS.19L.NORT3C.RW19B,None,,,,,,None,,,,,,,FALSE,BeginToEnd,,false;TL,18000ft|20000ft,90kt|280kt,18000ft,NORTA,16000ft|18000ft,90kt|280kt,16000ft;false;;;;;;;LastLegLongestPath;Converted;false;TryVerticalFirst;;false,,,,,,,,,,,,,,,,,,,,,,,,,,,,,,,,
VTBS.19L.WILA3C.BONVO;true;;;;;;;;;VTBS.19L.WILA3C.RW19B,None,,,,,,None,,,,,,,FALSE,BeginToEnd,,false;BONVO,18000ft|20000ft,90kt|280kt,18000ft,WILLA,16000ft|18000ft,90kt|280kt,16000ft;false;;;;;;;LastLegLongestPath;Converted;false;TryVerticalFirst;;false,,,,,,,,,,,,,,,,,,,,,,,,,,,,,,,,
VTBS.19L.WILA3C.IBETO;true;;;;;;;;;VTBS.19L.WILA3C.RW19B,None,,,,,,None,,,,,,,FALSE,BeginToEnd,,false;IBETO,18000ft|20000ft,90kt|280kt,18000ft,WILLA,16000ft|18000ft,90kt|280kt,16000ft;false;;;;;;;LastLegLongestPath;Converted;false;TryVerticalFirst;;false,,,,,,,,,,,,,,,,,,,,,,,,,,,,,,,,
VTBS.19L.WILA3C.IGONI;true;;;;;;;;;VTBS.19L.WILA3C.RW19B,None,,,,,,None,,,,,,,FALSE,BeginToEnd,,false;IGONI,18000ft|20000ft,90kt|280kt,18000ft,WILLA,16000ft|18000ft,90kt|280kt,16000ft;false;;;;;;;LastLegLongestPath;Converted;false;TryVerticalFirst;;false,,,,,,,,,,,,,,,,,,,,,,,,,,,,,,,,
VTBS.19L.WILA3C.PASTO;true;;;;;;;;;VTBS.19L.WILA3C.RW19B,None,,,,,,None,,,,,,,FALSE,BeginToEnd,,false;PASTO,18000ft|20000ft,90kt|280kt,18000ft,WILLA,16000ft|18000ft,90kt|280kt,16000ft;false;;;;;;;LastLegLongestPath;Converted;false;TryVerticalFirst;;false,,,,,,,,,,,,,,,,,,,,,,,,,,,,,,,,
VTBS.19L.WILA3C.TARED;true;;;;;;;;;VTBS.19L.WILA3C.RW19B,None,,,,,,None,,,,,,,FALSE,BeginToEnd,,false;TARED,18000ft|20000ft,90kt|280kt,18000ft,WILLA,16000ft|18000ft,90kt|280kt,16000ft;false;;;;;;;LastLegLongestPath;Converted;false;TryVerticalFirst;;false,,,,,,,,,,,,,,,,,,,,,,,,,,,,,,,,
VTBS.19R.DOLN3C.ALEMI;true;;;;;;;;;VTBS.19R.DOLN3C.RW19B,None,,,,,,None,,,,,,,FALSE,BeginToEnd,,false;ALEMI,18000ft|20000ft,90kt|280kt,18000ft,DOLNI,16000ft|18000ft,90kt|280kt,16000ft;false;;;;;;;LastLegLongestPath;Converted;false;TryVerticalFirst;;false,,,,,,,,,,,,,,,,,,,,,,,,,,,,,,,,
VTBS.19R.DOLN3C.ANREN;true;;;;;;;;;VTBS.19R.DOLN3C.RW19B,None,,,,,,None,,,,,,,FALSE,BeginToEnd,,false;ANREN,18000ft|20000ft,90kt|280kt,18000ft,DOLNI,16000ft|18000ft,90kt|280kt,16000ft;false;;;;;;;LastLegLongestPath;Converted;false;TryVerticalFirst;;false,,,,,,,,,,,,,,,,,,,,,,,,,,,,,,,,
VTBS.19R.DOLN3C.BUT;true;;;;;;;;;VTBS.19R.DOLN3C.RW19B,None,,,,,,None,,,,,,,FALSE,BeginToEnd,,false;BUT,18000ft|20000ft,90kt|280kt,18000ft,DOLNI,16000ft|18000ft,90kt|280kt,16000ft;false;;;;;;;LastLegLongestPath;Converted;false;TryVerticalFirst;;false,,,,,,,,,,,,,,,,,,,,,,,,,,,,,,,,
VTBS.19R.DOLN3C.DULEM;true;;;;;;;;;VTBS.19R.DOLN3C.RW19B,None,,,,,,None,,,,,,,FALSE,BeginToEnd,,false;DULEM,18000ft|20000ft,90kt|280kt,18000ft,DOLNI,16000ft|18000ft,90kt|280kt,16000ft;false;;;;;;;LastLegLongestPath;Converted;false;TryVerticalFirst;;false,,,,,,,,,,,,,,,,,,,,,,,,,,,,,,,,
VTBS.19R.DOLN3C.GOMES;true;;;;;;;;;VTBS.19R.DOLN3C.RW19B,None,,,,,,None,,,,,,,FALSE,BeginToEnd,,false;GOMES,18000ft|20000ft,90kt|280kt,18000ft,DOLNI,16000ft|18000ft,90kt|280kt,16000ft;false;;;;;;;LastLegLongestPath;Converted;false;TryVerticalFirst;;false,,,,,,,,,,,,,,,,,,,,,,,,,,,,,,,,
VTBS.19R.DOLN3C.NUGPA;true;;;;;;;;;VTBS.19R.DOLN3C.RW19B,None,,,,,,None,,,,,,,FALSE,BeginToEnd,,false;NUGPA,18000ft|20000ft,90kt|280kt,18000ft,DOLNI,16000ft|18000ft,90kt|280kt,16000ft;false;;;;;;;LastLegLongestPath;Converted;false;TryVerticalFirst;;false,,,,,,,,,,,,,,,,,,,,,,,,,,,,,,,,
VTBS.19R.DOLN3C.RYN;true;;;;;;;;;VTBS.19R.DOLN3C.RW19B,None,,,,,,None,,,,,,,FALSE,BeginToEnd,,false;RYN,18000ft|20000ft,90kt|280kt,18000ft,DOLNI,16000ft|18000ft,90kt|280kt,16000ft;false;;;;;;;LastLegLongestPath;Converted;false;TryVerticalFirst;;false,,,,,,,,,,,,,,,,,,,,,,,,,,,,,,,,
VTBS.19R.EAST3C.RUKSA;true;;;;;;;;;VTBS.19R.EAST3C.RW19B,None,,,,,,None,,,,,,,FALSE,BeginToEnd,,false;RUKSA,18000ft|20000ft,90kt|280kt,18000ft,EASTE,16000ft|18000ft,90kt|280kt,16000ft;false;;;;;;;LastLegLongestPath;Converted;false;TryVerticalFirst;;false,,,,,,,,,,,,,,,,,,,,,,,,,,,,,,,,
VTBS.19R.EAST3C.UBLOD;true;;;;;;;;;VTBS.19R.EAST3C.RW19B,None,,,,,,None,,,,,,,FALSE,BeginToEnd,,false;UBLOD,18000ft|20000ft,90kt|280kt,18000ft,EASTE,16000ft|18000ft,90kt|280kt,16000ft;false;;;;;;;LastLegLongestPath;Converted;false;TryVerticalFirst;;false,,,,,,,,,,,,,,,,,,,,,,,,,,,,,,,,
VTBS.19R.LEBI3C.GUTSO;true;;;;;;;;;VTBS.19R.LEBI3C.RW19B,None,,,,,,None,,,,,,,FALSE,BeginToEnd,,false;GUTSO,18000ft|20000ft,90kt|280kt,18000ft,LEBIM,16000ft|18000ft,90kt|280kt,16000ft;false;;;;;;;LastLegLongestPath;Converted;false;TryVerticalFirst;;false,,,,,,,,,,,,,,,,,,,,,,,,,,,,,,,,
VTBS.19R.LEBI3C.HOTEL;true;;;;;;;;;VTBS.19R.LEBI3C.RW19B,None,,,,,,None,,,,,,,FALSE,BeginToEnd,,false;HOTEL,18000ft|20000ft,90kt|280kt,18000ft,LEBIM,16000ft|18000ft,90kt|280kt,16000ft;false;;;;;;;LastLegLongestPath;Converted;false;TryVerticalFirst;;false,,,,,,,,,,,,,,,,,,,,,,,,,,,,,,,,
VTBS.19R.LEBI3C.SURMA;true;;;;;;;;;VTBS.19R.LEBI3C.RW19B,None,,,,,,None,,,,,,,FALSE,BeginToEnd,,false;SURMA,18000ft|20000ft,90kt|280kt,18000ft,LEBIM,16000ft|18000ft,90kt|280kt,16000ft;false;;;;;;;LastLegLongestPath;Converted;false;TryVerticalFirst;;false,,,,,,,,,,,,,,,,,,,,,,,,,,,,,,,,
VTBS.19R.NORT3C.ALBOS;true;;;;;;;;;VTBS.19R.NORT3C.RW19B,None,,,,,,None,,,,,,,FALSE,BeginToEnd,,false;ALBOS,18000ft|20000ft,90kt|280kt,18000ft,NORTA,16000ft|18000ft,90kt|280kt,16000ft;false;;;;;;;LastLegLongestPath;Converted;false;TryVerticalFirst;;false,,,,,,,,,,,,,,,,,,,,,,,,,,,,,,,,
VTBS.19R.NORT3C.NOBER;true;;;;;;;;;VTBS.19R.NORT3C.RW19B,None,,,,,,None,,,,,,,FALSE,BeginToEnd,,false;NOBER,18000ft|20000ft,90kt|280kt,18000ft,NORTA,16000ft|18000ft,90kt|280kt,16000ft;false;;;;;;;LastLegLongestPath;Converted;false;TryVerticalFirst;;false,,,,,,,,,,,,,,,,,,,,,,,,,,,,,,,,
VTBS.19R.NORT3C.SEMBO;true;;;;;;;;;VTBS.19R.NORT3C.RW19B,None,,,,,,None,,,,,,,FALSE,BeginToEnd,,false;SEMBO,18000ft|20000ft,90kt|280kt,18000ft,NORTA,16000ft|18000ft,90kt|280kt,16000ft;false;;;;;;;LastLegLongestPath;Converted;false;TryVerticalFirst;;false,,,,,,,,,,,,,,,,,,,,,,,,,,,,,,,,
VTBS.19R.NORT3C.TL;true;;;;;;;;;VTBS.19R.NORT3C.RW19B,None,,,,,,None,,,,,,,FALSE,BeginToEnd,,false;TL,18000ft|20000ft,90kt|280kt,18000ft,NORTA,16000ft|18000ft,90kt|280kt,16000ft;false;;;;;;;LastLegLongestPath;Converted;false;TryVerticalFirst;;false,,,,,,,,,,,,,,,,,,,,,,,,,,,,,,,,
VTBS.19R.WILA3C.BONVO;true;;;;;;;;;VTBS.19R.WILA3C.RW19B,None,,,,,,None,,,,,,,FALSE,BeginToEnd,,false;BONVO,18000ft|20000ft,90kt|280kt,18000ft,WILLA,16000ft|18000ft,90kt|280kt,16000ft;false;;;;;;;LastLegLongestPath;Converted;false;TryVerticalFirst;;false,,,,,,,,,,,,,,,,,,,,,,,,,,,,,,,,
VTBS.19R.WILA3C.IBETO;true;;;;;;;;;VTBS.19R.WILA3C.RW19B,None,,,,,,None,,,,,,,FALSE,BeginToEnd,,false;IBETO,18000ft|20000ft,90kt|280kt,18000ft,WILLA,16000ft|18000ft,90kt|280kt,16000ft;false;;;;;;;LastLegLongestPath;Converted;false;TryVerticalFirst;;false,,,,,,,,,,,,,,,,,,,,,,,,,,,,,,,,
VTBS.19R.WILA3C.IGONI;true;;;;;;;;;VTBS.19R.WILA3C.RW19B,None,,,,,,None,,,,,,,FALSE,BeginToEnd,,false;IGONI,18000ft|20000ft,90kt|280kt,18000ft,WILLA,16000ft|18000ft,90kt|280kt,16000ft;false;;;;;;;LastLegLongestPath;Converted;false;TryVerticalFirst;;false,,,,,,,,,,,,,,,,,,,,,,,,,,,,,,,,
VTBS.19R.WILA3C.PASTO;true;;;;;;;;;VTBS.19R.WILA3C.RW19B,None,,,,,,None,,,,,,,FALSE,BeginToEnd,,false;PASTO,18000ft|20000ft,90kt|280kt,18000ft,WILLA,16000ft|18000ft,90kt|280kt,16000ft;false;;;;;;;LastLegLongestPath;Converted;false;TryVerticalFirst;;false,,,,,,,,,,,,,,,,,,,,,,,,,,,,,,,,
VTBS.19R.WILA3C.TARED;true;;;;;;;;;VTBS.19R.WILA3C.RW19B,None,,,,,,None,,,,,,,FALSE,BeginToEnd,,false;TARED,18000ft|20000ft,90kt|280kt,18000ft,WILLA,16000ft|18000ft,90kt|280kt,16000ft;false;;;;;;;LastLegLongestPath;Converted;false;TryVerticalFirst;;false,,,,,,,,,,,,,,,,,,,,,,,,,,,,,,,,
VTPM.27.VEGR1W.RW27;true;;;;;;;;;VTPM.27.FINAL,None,,,,,,None,,,,,,,FALSE,BeginToEnd,,false;LARAK,5300ft|9000ft,90kt|230kt,5300ft,ENRAD,5300ft|7300ft,90kt|200kt,5300ft;false;;;;;;;LastLegLongestPath;Converted;false;TryVerticalFirst;;false,,,,,,,,,,,,,,,,,,,,,,,,,,,,,,,,
VTSB.04.ADLA1B.RW04;true;;;;;;;;;VTSB.04.FINAL,None,,,,,,None,,,,,,,FALSE,BeginToEnd,,false;SB410,8000ft|11000ft,90kt|230kt,8000ft,VELRA,5100ft|7100ft,90kt|230kt,5100ft;false;;;;;;;LastLegLongestPath;Converted;false;TryVerticalFirst;;false,,,,,,,,,,,,,,,,,,,,,,,,,,,,,,,,
VTSB.04.EMVE1B.RW04;true;;;;;;;;;VTSB.04.FINAL,None,,,,,,None,,,,,,,FALSE,BeginToEnd,,false;SB412,9000ft|12000ft,90kt|230kt,9000ft,VELRA,5100ft|7100ft,90kt|230kt,5100ft;false;;;;;;;LastLegLongestPath;Converted;false;TryVerticalFirst;;false,,,,,,,,,,,,,,,,,,,,,,,,,,,,,,,,
VTSB.04.IDNA1B.RW04;true;;;;;;;;;VTSB.04.FINAL,None,,,,,,None,,,,,,,FALSE,BeginToEnd,,false;SB413,9000ft|12000ft,90kt|230kt,9000ft,VELRA,5100ft|7100ft,90kt|230kt,5100ft;false;;;;;;;LastLegLongestPath;Converted;false;TryVerticalFirst;;false,,,,,,,,,,,,,,,,,,,,,,,,,,,,,,,,
VTSB.04.SEGR1B.RW04;true;;;;;;;;;VTSB.04.FINAL,None,,,,,,None,,,,,,,FALSE,BeginToEnd,,false;SB411,9000ft|12000ft,90kt|230kt,9000ft,VELRA,5100ft|7100ft,90kt|230kt,5100ft;false;;;;;;;LastLegLongestPath;Converted;false;TryVerticalFirst;;false,,,,,,,,,,,,,,,,,,,,,,,,,,,,,,,,
VTSB.22.TOGI1A.RW22;true;;;;;;;;;VTSB.22.FINAL,None,,,,,,None,,,,,,,FALSE,BeginToEnd,,false;SB203,6000ft|9000ft,90kt|230kt,6000ft,BEVLA,3000ft|5000ft,90kt|230kt,3000ft;false;;;;;;;LastLegLongestPath;Converted;false;TryVerticalFirst;;false,,,,,,,,,,,,,,,,,,,,,,,,,,,,,,,,
VTSG.32.NULM1E.RW32;true;;;;;;;;;VTSG.32.FINAL,None,,,,,,None,,,,,,,FALSE,BeginToEnd,,false;AKVOK,9000ft|12000ft,90kt|230kt,9000ft,BELMI,5000ft|7000ft,90kt|230kt,5000ft;false;;;;;;;LastLegLongestPath;Converted;false;TryVerticalFirst;;false,,,,,,,,,,,,,,,,,,,,,,,,,,,,,,,,
VTSP.09.IGEV1C.RW09;true;;;;;;;;;VTSP.09.FINAL,None,,,,,,None,,,,,,,FALSE,BeginToEnd,,false;TARPU,4000ft|7000ft,90kt|230kt,4000ft,SP702,4000ft|6000ft,90kt|230kt,4000ft;false;;;;;;;LastLegLongestPath;Converted;false;TryVerticalFirst;;false,,,,,,,,,,,,,,,,,,,,,,,,,,,,,,,,
VTSP.09.MONB1C.RW09;true;;;;;;;;;VTSP.09.FINAL,None,,,,,,None,,,,,,,FALSE,BeginToEnd,,false;MILAN,4000ft|7000ft,90kt|230kt,4000ft,SP702,4000ft|6000ft,90kt|230kt,4000ft;false;;;;;;;LastLegLongestPath;Converted;false;TryVerticalFirst;;false,,,,,,,,,,,,,,,,,,,,,,,,,,,,,,,,
VTSP.09.SATV1C.RW09;true;;;;;;;;;VTSP.09.FINAL,None,,,,,,None,,,,,,,FALSE,BeginToEnd,,false;TARPU,4000ft|7000ft,90kt|230kt,4000ft,SP702,4000ft|6000ft,90kt|230kt,4000ft;false;;;;;;;LastLegLongestPath;Converted;false;TryVerticalFirst;;false,,,,,,,,,,,,,,,,,,,,,,,,,,,,,,,,
VTSP.09.SAVS1C.RW09;true;;;;;;;;;VTSP.09.FINAL,None,,,,,,None,,,,,,,FALSE,BeginToEnd,,false;MILAN,4000ft|7000ft,90kt|230kt,4000ft,SP702,4000ft|6000ft,90kt|230kt,4000ft;false;;;;;;;LastLegLongestPath;Converted;false;TryVerticalFirst;;false,,,,,,,,,,,,,,,,,,,,,,,,,,,,,,,,
VTSP.09.SUSI1C.RW09;true;;;;;;;;;VTSP.09.FINAL,None,,,,,,None,,,,,,,FALSE,BeginToEnd,,false;TARPU,4000ft|7000ft,90kt|230kt,4000ft,SP702,4000ft|6000ft,90kt|230kt,4000ft;false;;;;;;;LastLegLongestPath;Converted;false;TryVerticalFirst;;false,,,,,,,,,,,,,,,,,,,,,,,,,,,,,,,,
VTSP.09.UPSA1C.RW09;true;;;;;;;;;VTSP.09.FINAL,None,,,,,,None,,,,,,,FALSE,BeginToEnd,,false;TARPU,4000ft|7000ft,90kt|230kt,4000ft,SP702,4000ft|6000ft,90kt|230kt,4000ft;false;;;;;;;LastLegLongestPath;Converted;false;TryVerticalFirst;;false,,,,,,,,,,,,,,,,,,,,,,,,,,,,,,,,
VTSP.27.EMRI1D.RW27;true;;;;;;;;;VTSP.27.FINAL,None,,,,,,None,,,,,,,FALSE,BeginToEnd,,false;SP112,5000ft|8000ft,90kt|220kt,5000ft,BARON,3000ft|5000ft,90kt|200kt,3000ft;false;;;;;;;LastLegLongestPath;Converted;false;TryVerticalFirst;;false,,,,,,,,,,,,,,,,,,,,,,,,,,,,,,,,
VTSP.27.EPGO1D.RW27;true;;;;;;;;;VTSP.27.FINAL,None,,,,,,None,,,,,,,FALSE,BeginToEnd,,false;SP112,5000ft|8000ft,90kt|220kt,5000ft,BARON,3000ft|5000ft,90kt|200kt,3000ft;false;;;;;;;LastLegLongestPath;Converted;false;TryVerticalFirst;;false,,,,,,,,,,,,,,,,,,,,,,,,,,,,,,,,
VTSP.27.ONET1D.RW27;true;;;;;;;;;VTSP.27.FINAL,None,,,,,,None,,,,,,,FALSE,BeginToEnd,,false;SP112,5000ft|8000ft,90kt|220kt,5000ft,BARON,3000ft|5000ft,90kt|200kt,3000ft;false;;;;;;;LastLegLongestPath;Converted;false;TryVerticalFirst;;false,,,,,,,,,,,,,,,,,,,,,,,,,,,,,,,,
VTSS.26.OBLE1A.RW26;true;;;;;;;;;VTSS.26.FINAL,None,,,,,,None,,,,,,,FALSE,BeginToEnd,,false;LETMO,8000ft|11000ft,90kt|230kt,8000ft,KASLA,5000ft|7000ft,90kt|230kt,5000ft;false;;;;;;;LastLegLongestPath;Converted;false;TryVerticalFirst;;false,,,,,,,,,,,,,,,,,,,,,,,,,,,,,,,,
VTUD.12.SURG1A.RW12;true;;;;;;;;;VTUD.12.FINAL,None,,,,,,None,,,,,,,FALSE,BeginToEnd,,false;MOPSA,5000ft|8000ft,90kt|230kt,5000ft,RIRMI,3500ft|5000ft,90kt|230kt,3500ft;false;;;;;;;LastLegLongestPath;Converted;false;TryVerticalFirst;;false,,,,,,,,,,,,,,,,,,,,,,,,,,,,,,,,
VTUD.30.ANPU1C.RW30;true;;;;;;;;;VTUD.30.FINAL,None,,,,,,None,,,,,,,FALSE,BeginToEnd,,false;EMTER,5000ft|7000ft,90kt|230kt,5000ft,OTLOR,3500ft|5000ft,90kt|230kt,3500ft;false;;;;;;;LastLegLongestPath;Converted;false;TryVerticalFirst;;false,,,,,,,,,,,,,,,,,,,,,,,,,,,,,,,,
VTUD.30.MUGN1C.RW30;true;;;;;;;;;VTUD.30.FINAL,None,,,,,,None,,,,,,,FALSE,BeginToEnd,,false;SAPUR,5000ft|7000ft,90kt|230kt,5000ft,ALDES,3500ft|5000ft,90kt|230kt,3500ft;false;;;;;;;LastLegLongestPath;Converted;false;TryVerticalFirst;;false,,,,,,,,,,,,,,,,,,,,,,,,,,,,,,,,